mfcc_mean_0,mfcc_mean_1,mfcc_mean_2,mfcc_mean_3,mfcc_mean_4,mfcc_mean_5,mfcc_mean_6,mfcc_mean_7,mfcc_mean_8,mfcc_mean_9,mfcc_mean_10,mfcc_mean_11,mfcc_mean_12,mfcc_var_0,mfcc_var_1,mfcc_var_2,mfcc_var_3,mfcc_var_4,mfcc_var_5,mfcc_var_6,mfcc_var_7,mfcc_var_8,mfcc_var_9,mfcc_var_10,mfcc_var_11,mfcc_var_12,mfcc_delta_mean_0,mfcc_delta_mean_1,mfcc_delta_mean_2,mfcc_delta_mean_3,mfcc_delta_mean_4,mfcc_delta_mean_5,mfcc_delta_mean_6,mfcc_delta_mean_7,mfcc_delta_mean_8,mfcc_delta_mean_9,mfcc_delta_mean_10,mfcc_delta_mean_11,mfcc_delta_mean_12,mfcc_delta_var_0,mfcc_delta_var_1,mfcc_delta_var_2,mfcc_delta_var_3,mfcc_delta_var_4,mfcc_delta_var_5,mfcc_delta_var_6,mfcc_delta_var_7,mfcc_delta_var_8,mfcc_delta_var_9,mfcc_delta_var_10,mfcc_delta_var_11,mfcc_delta_var_12,spectral_centroid_mean,spectral_centroid_var,spectral_rolloff_mean,spectral_rolloff_var,spectral_flux_mean,spectral_flux_var,spectral_contrast_mean_0,spectral_contrast_mean_1,spectral_contrast_mean_2,spectral_contrast_mean_3,spectral_contrast_mean_4,spectral_contrast_mean_5,spectral_contrast_mean_6,spectral_contrast_var_0,spectral_contrast_var_1,spectral_contrast_var_2,spectral_contrast_var_3,spectral_contrast_var_4,spectral_contrast_var_5,spectral_contrast_var_6,envelope_mean,envelope_var,spectral_bandwidth_mean,spectral_bandwidth_var,rms_mean,rms_var,energy,amplitude_mean,amplitude_var,dynamic_range,tempo_0,beat_strength_mean,beat_strength_var,ibi_var,ibi_mean,chroma_mean_0,chroma_mean_1,chroma_mean_2,chroma_mean_3,chroma_mean_4,chroma_mean_5,chroma_mean_6,chroma_mean_7,chroma_mean_8,chroma_mean_9,chroma_mean_10,chroma_mean_11,chroma_var_0,chroma_var_1,chroma_var_2,chroma_var_3,chroma_var_4,chroma_var_5,chroma_var_6,chroma_var_7,chroma_var_8,chroma_var_9,chroma_var_10,chroma_var_11,tonnetz_mean_0,tonnetz_mean_1,tonnetz_mean_2,tonnetz_mean_3,tonnetz_mean_4,tonnetz_mean_5,tonnetz_var_0,tonnetz_var_1,tonnetz_var_2,tonnetz_var_3,tonnetz_var_4,tonnetz_var_5,hpr,harmonic_energy,percussive_energy,zcr_mean,zcr_var,onset_acf_mean,onset_acf_var,skewness,kurtosis,file_name
-298.75613,112.07628,6.4888177,28.38917,-6.7709866,16.645588,-11.807552,12.744363,-8.340971,13.893223,-4.237726,2.317613,-4.329582,1554.9755,390.28247,320.89825,105.76837,101.059784,61.902504,82.03928,48.866817,47.399956,64.28025,111.89061,126.388306,120.86395,0.0058392277,0.0048123263,0.02078787,0.015165377,0.0012717664,0.00424201,0.012779304,0.0017029039,-0.00020933704,-0.009065422,-0.0068044495,-0.0016053669,0.008666029,36.538918,6.454209,5.229606,2.149433,2.356934,1.5652076,1.1270391,1.0243331,0.9374882,0.991976,1.1989374,1.4309318,1.097868,1451.8621241613562,183985.4254124348,3047.4311987927786,1842018.81289966,1.0192202,1.0120639,19.66791654875476,20.515668208307208,26.072390344027976,25.74578819535702,23.39606848912742,19.541724487295546,34.60059329408487,24.51721522996123,32.670781031887714,31.555139969802735,25.55630166801533,17.636077977723264,7.324130778197874,6.284332337137284,0.041394427,0.0015730766,1920.270843144808,124234.97970234357,0.05047974,0.00073608797,0.0032865746748846694,0.041394427,0.0015730766,0.68182373,129.19921875,1.0192202,1.0120639,2.275956959741713e-09,0.0009135082604470361,0.29304987,0.29895103,0.43265662,0.36654544,0.3142829,0.31870836,0.27641758,0.32215896,0.4461245,0.32214445,0.20240714,0.22938965,0.060446467,0.051617138,0.11205042,0.0688774,0.062175784,0.09067868,0.059014488,0.091232896,0.1212619,0.089204274,0.039806545,0.057091013,0.008745223305303392,0.02896814131589956,-0.004043844518052565,0.02083105818503175,-0.043708868213367384,-0.007958987787454512,0.06336811825601812,0.026762452824640414,0.039467711012118475,0.054027267719230776,0.008509909502166246,0.00577286889513202,0.3048136076435548,2037.1526,39.70027,0.051224215124709975,0.0006286968604242439,672.6159495325275,164325.79685765834,0.08848807129356903,2.6171449695852838,m00002.wav
-169.15335,110.46,-8.5762,43.884247,0.27496952,26.637417,-14.368152,13.034431,-11.149249,8.130109,-7.6929665,10.910651,-8.175924,5892.5615,1215.4264,493.89438,327.86285,245.5842,143.9993,259.7197,129.64703,166.33925,120.264595,102.96237,78.15807,92.049706,0.056804795,-0.01823665,-0.018924871,0.0038012145,-0.0012558365,0.001814451,7.72727e-05,-0.008676525,-0.010297396,-0.009070459,0.005973415,0.010871489,-0.00048345092,213.43025,34.695606,15.847273,9.3080435,6.993538,3.9017131,6.591294,3.8358727,4.565115,3.65002,2.752775,2.0397384,2.5221355,1811.4103944132048,655731.6376471397,3854.8513744380803,2880614.558627496,1.8232806,7.3782845,19.964828939210353,17.050832115293957,21.10992320145016,19.301230604640697,20.553354752670394,18.597363007795664,38.30434882078958,30.914635874317437,19.60690744746176,28.656911761170548,18.513179454983877,19.14848614891062,12.409549923907676,24.440843451521587,0.097200155,0.008679882,2019.3002565242657,195537.9642078979,0.12366478,0.0028149432,0.018127752579541367,0.097200155,0.008679882,1.8945007,135.99917763157896,1.8232806,7.3782845,5.500910038549261e-10,0.0008442351299494157,0.5125854,0.34095627,0.38084272,0.42450905,0.36297894,0.47943187,0.34575376,0.4420357,0.32104883,0.35876027,0.5612976,0.3704674,0.11168957,0.04558184,0.055860993,0.07984231,0.050874453,0.0944683,0.050668575,0.08673819,0.041175127,0.051989224,0.10492891,0.046198733,-0.0552900155386313,0.1242339437240822,0.01187957872327605,-0.02172213366827071,0.016997844992067267,0.003116464344438953,0.01145198018188924,0.011677758027851499,0.022843327578584455,0.028913314846383164,0.003097644195733342,0.003984044552599345,0.902208261924696,6367.0254,3609.1882,0.07214969124613302,0.0026726199244264163,2154.5447334635105,2526802.1600691546,0.10628102200477091,3.1489869244663984,m00039.wav
-18.84539,71.32566,-3.766896,-1.4087265,0.70546293,-1.0589548,-1.0548252,-0.24742085,0.6257232,0.4270432,-1.5037423,-1.0761551,2.4198706,3374.669,495.48764,284.5831,247.31259,123.88206,142.44641,86.42157,95.92906,119.48216,80.20246,85.00077,71.306244,47.12731,-0.04270682,0.015376059,-0.0067343833,-0.037047558,-0.010957366,-0.03150753,-0.018702522,-0.003428929,0.0014210334,-0.0053430432,-0.023306552,-0.0008537915,0.008406201,116.64683,15.68595,7.9994698,6.2749033,3.1363807,3.8582523,1.9949691,2.313976,2.258442,1.828834,1.8502975,1.7567561,1.4435226,3110.898195801066,607493.8035161756,6744.988602994489,2183333.8564044028,1.409892,2.5726829,17.233861894769653,14.865518134482837,18.241216647557305,18.563319951079716,19.58690749631935,17.007064330211836,15.156098906351636,25.7899490412945,16.062519560342082,16.401863171181347,14.990803304665732,17.205278078075835,5.542712276656497,1.8028364173847116,0.1571471,0.020749131,2992.0106379280487,120295.8971127492,0.1983218,0.006053899,0.04544435566054778,0.1571471,0.020749131,1.9999695,95.703125,1.409892,2.5726829,4.326865120785863e-09,0.0012084278155706726,0.45806336,0.6081814,0.31017345,0.38185132,0.31057474,0.45247197,0.4577396,0.371228,0.5943817,0.3781585,0.60804844,0.40881848,0.050655268,0.07444242,0.02145431,0.05072041,0.02503692,0.0480895,0.08902745,0.025370648,0.07171471,0.025513312,0.10116313,0.03509295,-0.1302131552410477,-0.03089590217450571,-0.05928445552394363,-0.0007728955608328771,0.012795630288764792,-0.0163782262149694,0.004386492961350883,0.008904575523823137,0.010182667070234267,0.0159750813415871,0.001914490593698166,0.0018848173667032992,-0.6256883812061237,13829.234,7554.969,0.15285733275328692,0.004725775148591775,1287.389972444519,848007.4045740122,-0.03769235935485543,1.653724298356285,m00041.wav
-69.63065,83.07227,-16.599928,0.118371196,7.420607,0.7700079,1.3374783,4.695799,-1.4168245,3.3194354,-2.8782651,-8.20215,-5.767511,2324.3726,440.48135,305.4135,189.19415,104.51682,100.688416,75.027916,59.404194,74.245895,66.62598,61.396885,65.21518,47.90085,-0.016271234,-0.0057822564,-0.013230149,-0.009189955,-0.0012965885,-0.0048112962,-0.016064934,-0.012575369,0.004562535,-0.0020405503,0.005061886,0.011458618,-0.007213091,78.40637,12.773779,11.816239,8.617946,3.0451362,4.1536956,3.055408,2.4236498,2.887429,2.3592808,2.2387764,2.1568568,1.9683992,2624.8146292704746,342561.33154005,5605.777239522912,2108784.3336995537,1.5294886,2.54081,29.75201749667825,16.141935178737757,18.926103833427824,19.113686793081744,19.46628099061435,17.548978064922615,15.208348220301092,38.78680580495242,21.47399249924172,17.998187037519564,11.076576676347942,9.175553198493494,6.289173226081487,2.131988603283784,0.10906806,0.012503019,2709.8971083970696,129902.02244303511,0.14292744,0.0039581885,0.024398857617513908,0.10906806,0.012503019,1.9249268,129.19921875,1.5294886,2.54081,9.928810416359567e-10,0.0009192671777705792,0.51262784,0.6720194,0.6294455,0.7818903,0.6875623,0.7700135,0.75965214,0.5269264,0.6177265,0.46491504,0.5389726,0.47444537,0.017860418,0.03736877,0.026826022,0.03803048,0.030027663,0.03875313,0.042085174,0.02137437,0.039652113,0.016074711,0.028734302,0.018068794,-0.057095054821211653,-0.026922826519271612,-0.01647258614753914,-0.016695711750188646,-0.004114352197602103,0.005337940224310228,0.0015212160864231682,0.0020940634192154364,0.004274241386823952,0.0045292789859469095,0.0004122949298290424,0.00047739388385020326,0.445258700814869,6298.0127,5382.8896,0.12021650534126063,0.0015118620889880297,1514.8204390861124,1071666.4264551485,0.04082794961610432,3.73045357522715,m00072.wav
-91.98377,87.6401,-2.066795,34.27815,-18.124573,19.34566,-14.665754,17.112078,-15.336204,17.028183,-13.534051,11.835089,-9.81468,5407.3296,522.6817,611.5345,247.30858,229.09851,249.62096,142.63396,147.25267,85.050285,121.85472,148.99962,121.36834,139.34401,-0.16492452,0.011171785,0.009162857,-0.015786026,0.016695686,-0.016162395,0.022828806,0.0061910073,-0.0056561655,-0.010765464,0.019501457,-0.0074668596,-0.011738401,205.30421,20.269527,15.553487,7.981443,6.626896,10.48348,4.814968,5.9107723,2.3642306,4.422528,3.887026,2.6850073,3.04573,2549.2697569355564,483133.8933855072,5583.144893779002,1947114.7737481825,2.0378873,7.445153,16.843315079696158,15.728974617055401,19.023665624666474,19.995101106712525,19.370803959876795,18.633168565814135,43.55392595667036,15.858122156868555,26.827393144369356,24.06093021857788,27.7137508966008,18.119931220405316,18.68810397387533,17.61011606714993,0.14219218,0.023499355,2485.5245481804404,135810.89940656777,0.1843397,0.00969765,0.04371798370644773,0.14219218,0.023499355,1.9909668,123.046875,2.0378873,7.445153,5.117434389126069e-10,0.0009312690593478772,0.7390113,0.684982,0.61127543,0.6473383,0.6355032,0.7008251,0.6496058,0.6993804,0.6640035,0.6584306,0.6916021,0.63923466,0.04530382,0.04434943,0.031511102,0.034455817,0.042753994,0.043325167,0.027551569,0.036852844,0.03409655,0.044654455,0.050088763,0.04939624,-0.014464506422308959,0.021814233132595118,-0.005925768888386646,0.013424797147823218,0.0059186998957497655,0.0021779823289105565,0.0009953085085169632,0.0014458169501858126,0.0033144085035572346,0.002490224743501208,0.00031626786581380093,0.0003525788533728366,0.8640063807930047,8329.778,16146.339,0.11583368075696056,0.002542877999519632,2690.703378565777,4645377.332936924,0.07106644006737338,3.2970071980493323,m00096.wav
-436.85822,154.08043,-19.861961,20.18266,3.1738954,0.45094585,-6.5277185,-4.608916,-10.058647,-6.156632,-4.53336,-2.7670467,-5.211671,3777.1265,166.42111,175.35219,148.87535,97.11504,71.10463,45.306553,35.759308,58.63147,66.20298,67.60658,57.531197,59.2549,-0.030371275,-0.027111297,-0.006176599,0.0118533615,0.015240961,0.012751214,-0.0032405632,-0.008449296,0.0010507574,0.00253858,-0.003270669,0.014002392,0.019985098,2.8134658,1.7386087,1.1078373,1.3676081,0.59550375,0.705532,0.574622,0.5734612,0.65196633,0.62601906,0.6263451,0.8163158,0.710747,1174.3248425254224,23945.105173728534,2083.7912150159514,156793.1020241183,0.8041181,0.052014936,19.732631526774277,20.66064929324697,24.891294579235524,25.228980757864704,24.04609532221238,20.661755014611135,15.883360899779726,14.173575137951376,16.156456792471808,14.201827558423126,14.24380012538379,11.481532473477602,10.332898673629176,2.597160950040857,0.0077079404,5.8502177e-05,1518.126209893666,15787.13743943759,0.009491226,2.7759454e-05,0.00011791447975479341,0.0077079404,5.8502177e-05,0.19058228,123.046875,0.8041181,0.052014936,3.667310545617424e-09,0.0009304610733182163,0.31745413,0.28493112,0.42946795,0.13858052,0.57028496,0.15294403,0.4501738,0.3784993,0.15033112,0.37734172,0.09784617,0.5276704,0.09608927,0.064023465,0.09462214,0.013740623,0.12280154,0.028893117,0.1215294,0.09218205,0.014641018,0.057371937,0.0033600228,0.08202218,0.30131416421879353,-0.1253828530357785,0.06290268458567172,0.01567388786873088,0.008853256379415867,-0.00643011784349904,0.013432917711879986,0.03343607997405305,0.0591846049298972,0.05892575734668183,0.006537968361564044,0.007522615428733489,14.431385646275048,70.465164,0.9650783,0.06634016398395205,0.00042047251953821423,418.38004263865236,60538.6723608674,-0.0064052525374757845,3.625284796340572,m00102.wav
-265.6985,80.639626,9.737633,36.647457,27.827784,12.086293,15.0113535,15.11303,6.5591526,6.282747,7.484471,5.643651,4.3488317,7492.5483,1146.697,668.5598,369.17184,193.3353,163.13554,135.0408,122.32312,74.72788,71.89395,97.48065,69.6769,53.76588,0.06586855,0.0364165,0.038218454,0.015878469,0.004944771,0.013788579,0.02640167,0.009515904,0.010885048,-0.0003591373,-0.0002035523,0.005395431,0.007011472,273.82275,41.216286,16.908278,15.462826,6.5909367,4.2586193,4.0374393,3.2359781,2.1112406,2.3872397,2.872091,2.096997,1.7974529,2112.968318834845,1134088.0155201345,4785.22564031685,6022046.835368957,2.124297,9.595697,19.556521688649838,16.01070518315964,19.28213363944903,18.457367720327877,18.544594828472153,17.628148840218447,14.779562890550931,19.77556163321898,18.90358198336201,22.50919801294334,14.352402789279575,13.793314485831209,9.455972232417416,2.327692445812458,0.04615099,0.0020964283,2595.225720495727,435440.9269212723,0.05730878,0.00093814044,0.004226341336135156,0.04615099,0.0020964283,0.9248047,151.99908088235293,2.124297,9.595697,5.804464316264103e-10,0.0007753842277651803,0.26008275,0.27630085,0.2436758,0.2441692,0.2918983,0.37378922,0.75930154,0.38964793,0.35418227,0.40916297,0.3136451,0.4257745,0.036156062,0.04484653,0.037699852,0.030119171,0.03980636,0.055170547,0.094668664,0.064598136,0.05746152,0.09311882,0.043926045,0.117483094,0.03900839540211819,-0.18157590624261657,0.00023372172848309074,-0.15789479716037735,-0.014401703367760199,0.06918580916629886,0.005834558368476868,0.03544932524390134,0.017441117344269456,0.03893634489819747,0.0015221484977646106,0.010474919311956814,1.7432238496497559,1832.4559,472.24933,0.06084407325502707,0.0029268242612119815,2924.474335968298,3811035.1930482513,0.15963220924826305,3.384229043634332,m00112.wav
-198.73212,102.408325,-9.99693,30.804916,-3.2927678,20.279371,-5.631608,28.096033,-11.504986,18.203848,-7.3605947,12.280453,-4.362417,4884.797,522.1035,629.7106,311.51544,246.28722,146.3161,146.75214,113.26935,92.45425,86.23761,77.45511,78.25509,68.72335,-0.201074,-0.015916064,0.05178895,0.008741326,0.024955086,-0.0006485317,0.014024783,0.005236988,0.01262584,0.0029384417,0.017239295,0.0012516942,-0.007928312,191.11792,14.617162,18.516422,7.6793637,6.2782884,5.0209513,4.5206957,3.471745,2.1786575,2.8021421,1.9376607,2.6350262,2.0186465,1995.276964901373,297018.1939772407,4557.769732906758,1985831.8858999058,1.6990625,5.7951612,22.082768922339437,16.001606345064108,19.43678413504546,18.890509582861043,17.87772296616163,17.49937204792643,38.056464951966916,40.071545927070254,17.877641724883876,29.00854257811236,15.604926396749956,11.149981686299343,6.9922431081470595,11.829274246794538,0.061010376,0.004246427,2295.6840964194103,130474.96504445143,0.07837962,0.0018212432,0.007968694604882713,0.061010376,0.004246427,1.4040527,123.046875,1.6990625,5.7951612,5.129453753069503e-10,0.0009308204155979333,0.58637667,0.64863795,0.8240943,0.7642047,0.76525474,0.5406654,0.5045036,0.5011766,0.4905884,0.50958467,0.4234932,0.47825605,0.034199815,0.031980813,0.031573065,0.035496984,0.039246846,0.025987942,0.02389427,0.053673327,0.033033118,0.059639536,0.028900383,0.044478994,0.03870269777165424,0.0013483040961241454,0.0074696377775437086,0.010727175258601097,-0.0011230233144737798,0.0013037897500210313,0.002297535532213673,0.001790149310205225,0.0035712234329393013,0.004766117223105943,0.0008820094299269398,0.0003854729540205997,-0.29681724078237676,2009.2263,2038.4966,0.07027624709976799,0.001468733471192191,1870.665729882324,2053375.2079853772,0.128675669891909,3.3609061293080096,m00138.wav
-85.30834,118.44306,-31.477154,20.282328,-4.4176335,6.9121923,-10.952412,-1.6223388,-7.3614726,-3.0186846,-4.4440117,-1.417289,-4.253398,554.0474,374.28247,72.866806,38.49851,51.464176,42.774345,30.93559,26.392166,27.229109,46.31819,28.166534,44.289917,36.169506,0.025180614,0.043041367,-0.0031913707,0.0065922528,-0.009938941,-0.011076775,-0.005077471,0.0025087702,0.003353996,-0.0003933724,-0.010029693,-0.01046347,-0.011815822,13.368213,3.0412006,1.1944065,0.741659,0.73920226,0.59366965,0.68374497,0.63662136,0.6249794,0.9606951,0.62149024,0.84026945,0.648034,1878.4940039960795,85804.13313077061,3633.3658098897913,469422.26722209767,0.9627952,0.2102026,17.178424482362846,14.227127817222906,18.46332422448005,19.850168913912956,20.71460793098293,20.557243280985055,21.25046416904922,16.913923249288146,12.038429538961877,12.261820026404036,6.352438972144401,5.564824080514308,5.990072343163059,7.478170520107984,0.09214409,0.0051187635,1964.8146727160845,53278.70654233106,0.11506871,0.00036020525,0.013609302159204244,0.09214409,0.0051187635,1.2000427,129.19921875,0.9627952,0.2102026,2.531270152957277e-09,0.000890652557319224,0.29096162,0.4453631,0.700324,0.40741038,0.3937376,0.35606447,0.40277448,0.55078906,0.6346943,0.50034773,0.5004683,0.377679,0.015643517,0.048496425,0.08089953,0.024798295,0.05375665,0.0379525,0.049732696,0.0718226,0.09049272,0.0376757,0.056457527,0.02792736,0.03119580436365458,0.01493770924869087,0.00669889142254163,-0.06183684468471029,-0.017852726910812862,-0.03493088647746247,0.011540302832781494,0.007632281597682487,0.004332969468614328,0.02236638290920591,0.0034027719785836475,0.001029453293395017,0.3701911808650907,6029.6616,737.76044,0.11157585315158546,0.0006029248477689964,599.8576849857337,120713.23176313673,-0.15190253985246713,0.24255782288533156,m00192.wav
-92.64569,77.41155,-32.758095,54.586475,-13.199569,33.660706,-12.074937,28.02354,-11.954623,18.8322,-6.6618686,13.044242,-7.011976,1416.0919,362.69464,295.69156,137.01932,86.62031,82.68817,79.66361,68.19637,60.094715,51.0111,46.754284,29.859997,32.96287,-0.043605555,-0.02731045,0.022982525,-0.011148642,0.009316254,0.010934628,0.013620119,0.017759068,0.016084243,0.014986043,-0.0013978608,0.008991651,0.010133692,47.264698,13.460462,7.959305,3.6182585,3.0735703,2.1057806,2.6143453,2.1779678,1.5262303,1.757294,1.7138147,1.0941856,1.3212047,2735.685144535069,279927.980670918,5419.747351272476,661701.4543369814,1.3058459,1.3544024,18.530652425680028,13.421352204216452,15.209878475956865,15.029933557921746,15.226034969441375,15.744278237988743,42.760698050977794,13.442951097322965,12.20157404026286,15.403809939465203,10.10227231507735,5.168019876718367,2.9647150443933374,7.784134753720752,0.08040056,0.006034519,2295.5018679121245,50865.603105806076,0.10344428,0.0017922609,0.012498769030185375,0.08040056,0.006034519,1.7382202,112.34714673913044,1.3058459,1.3544024,6.911989464253618e-10,0.0010542078466606766,0.69282675,0.7089711,0.7045867,0.65479374,0.6392682,0.73931974,0.8297292,0.82849926,0.6764829,0.6496696,0.6167188,0.70142937,0.028657643,0.0300532,0.03798134,0.02634775,0.026326707,0.022666253,0.020888364,0.023449985,0.025882069,0.028660148,0.026620591,0.04042885,0.00946426480026086,0.001093788481271228,0.011607686353001346,-0.01733997208192355,-0.0013400760355613368,0.001326114375775228,0.0008008461800902815,0.001398139950739748,0.0030299438465985792,0.0018498461874913918,0.0003405921646017926,0.0002502931367986051,0.023899598329731344,2457.1023,2602.5889,0.1575562373114849,0.002893470293054973,1103.9633776718879,486558.4788336296,-0.043936393893752736,2.870613899444006,m00206.wav
-89.70956,36.282784,11.465646,37.4974,9.179835,3.7314453,2.827662,6.81722,1.4637536,0.0984008,1.0316732,1.1726795,-3.5680354,1966.9891,456.47458,323.66513,204.34834,197.99158,66.11524,113.86529,86.284,59.85682,57.278156,55.237305,50.409946,53.594536,0.03849206,0.020813167,0.0009454947,0.0034704835,-0.0045345714,-0.013008495,-0.013284093,0.017537585,0.010378337,0.019473512,0.019760089,0.00013896005,-0.0024920136,37.34332,14.21197,15.07837,7.2769456,7.177359,2.4783735,3.8862653,2.1485884,1.5220414,1.6012702,1.647919,1.5838976,1.9233576,3760.408113295342,586348.3378437676,7442.153116389936,1729130.2883433215,1.5823644,2.9321094,23.706166589178554,14.611312361867823,20.739169912082506,19.656362368885727,20.082104820862984,17.853881698664907,16.231767139216913,22.529600123977847,15.204642170062726,19.663723595622226,13.619703319546428,10.286011951219207,8.735549194747604,5.498562360747657,0.07327828,0.004681616,3052.8443952081334,127621.83218772069,0.09632569,0.0007618461,0.010051320078925617,0.07327828,0.004681616,1.3198547,123.046875,1.5823644,2.9321094,3.124425945633058e-09,0.000959298973826819,0.6302326,0.8428045,0.58473104,0.58134115,0.71507835,0.52585953,0.64452654,0.50241834,0.54838175,0.6696199,0.4473903,0.52188444,0.026100092,0.03149389,0.024990639,0.027696501,0.041477542,0.027733285,0.053608563,0.021163873,0.030887188,0.05937307,0.019314922,0.026737623,0.024233719649436814,-0.06236301928471715,-0.0648236086581995,0.03138127095265518,0.02140923725509386,0.012185094622377962,0.0032543622248924317,0.0019182027149400717,0.003185414709038127,0.0028082669407081787,0.00047013502068831044,0.0006916361150635069,0.08481805892113152,2623.3396,1803.5773,0.21236722375290024,0.0038961118281588057,1621.4743408691559,1006668.6779986984,-0.09064334608305999,1.8772223144889484,m00230.wav
-368.52054,124.2544,-31.574644,17.583704,2.324991,-5.9451756,-11.797774,-5.5220284,-5.3968725,-1.3089094,-8.424349,-3.6169055,2.2096312,5205.8022,467.59106,426.27493,179.11382,173.05907,84.42578,221.97447,125.55693,141.80815,38.43108,59.395653,131.22191,207.55902,-0.06819434,-0.017193617,0.025416935,-0.013375503,0.009580667,0.0074770325,0.005666768,0.02807117,0.010865552,-0.00074820215,-0.003177738,-4.0141353e-05,0.006376676,18.09529,2.9558003,1.9536937,1.1768539,0.923178,0.9918682,0.9476749,0.9331412,0.8934246,0.6361404,0.8546951,0.93760943,0.93481654,1329.4563631167568,109846.15778433839,2462.2959641458815,366605.06907717325,0.8113954,0.20596232,16.97309269728463,22.16326990242456,24.42948188921294,25.269155579795843,24.9155270139208,23.722508584356024,27.680659059465746,13.908237021083142,19.578824401913263,16.13098021604767,12.623192314361066,9.913843522704484,9.342936472026842,21.75831338125551,0.017318409,0.0007425948,1415.5981776978444,40844.76063165027,0.021284299,0.00058911304,0.001042522291768426,0.017318409,0.0007425948,0.87927246,123.046875,0.8113954,0.20596232,2.2909273303532508e-09,0.0009439825312841187,0.46859148,0.34261194,0.5613234,0.27646774,0.59635687,0.44079816,0.3447203,0.420118,0.2820913,0.28275633,0.39229167,0.27569294,0.10673314,0.059508078,0.08341485,0.046213593,0.10056237,0.09086191,0.06146803,0.06825714,0.045827966,0.028474895,0.07955187,0.021972205,0.09696226569446606,0.07368482454492484,-0.01834840348893653,0.012426082618182876,0.020154111290485475,-0.03299864137790843,0.050938168424586906,0.0407328898149973,0.008024170001344567,0.02211474958831887,0.0029637926343747804,0.002974725029093226,4.857178781269655,644.9254,6.4476733,0.07881720381380511,0.0011474694338970074,426.0635009996155,62194.77283177174,0.14796312667399855,17.67608710652808,m00236.wav
-75.53899,81.87487,-22.043093,69.874,-11.727045,25.740551,-18.521591,27.030558,-14.075854,22.139402,-12.094865,14.948557,-13.516832,492.5259,236.62921,155.54863,117.6434,68.93942,64.78589,64.89319,40.028683,49.288395,42.518555,31.928818,30.487137,30.060944,0.005556993,-0.008721739,0.0074429996,0.0011415732,0.000690264,-0.0055230623,0.0019386465,0.0073522925,-0.002129362,-0.0012156958,0.004004753,-0.0044453815,0.00846257,12.72902,8.284189,5.1180215,3.295801,2.4292476,1.6669692,2.7329633,1.4249501,1.6118717,1.563984,1.2806932,1.0182114,1.0844647,2656.9415563624257,198368.4250090295,5327.1529124673725,539387.9648711451,1.1835345,0.69625515,13.546835019872098,13.349293112477477,13.654645823560303,14.100655816230642,14.593847512890077,16.20224387176739,42.87953019631705,10.190925727547004,11.896387162427045,10.989726104240118,5.86258303813494,3.364488857121119,2.82749094982594,4.486425000436104,0.087297335,0.00573282,2337.704931454198,30149.918281131915,0.11373729,0.00040013267,0.013353645986078693,0.087297335,0.00573282,1.4001465,107.666015625,1.1835345,0.69625515,2.0597987257178425e-09,0.001079713936856794,0.5484222,0.61373514,0.700908,0.7972514,0.7501732,0.75515467,0.72192055,0.663688,0.7507788,0.7075522,0.7001095,0.6085862,0.017508296,0.018861752,0.021721506,0.03423811,0.02896915,0.023572551,0.02315103,0.022424579,0.026385108,0.020272823,0.026735667,0.026693681,-0.01717673121767145,-0.006185283330850483,-0.0004897839710272658,-0.008928441413018018,-0.004535086919822929,0.0005679896493188236,0.002221226504639865,0.001480849658984412,0.0020564641801397113,0.0021085789758526546,0.00034034776463120635,0.0003157990921111898,0.3874545787199211,2741.3093,2461.4668,0.15871519721577726,0.002199192506327417,906.635747969516,292092.9639803724,-0.08502797375021331,1.5246542617979886,m00248.wav
-3.5798953,92.929634,-25.082928,45.1795,-10.856173,31.8634,-18.04439,28.626354,-10.2277155,14.668069,-14.905226,14.741958,-15.603514,1020.4018,171.39415,149.58517,65.76457,70.59468,42.470562,73.045944,48.179405,59.069,41.811085,30.200726,28.676184,40.916348,-0.06344919,0.010156218,0.023926284,3.2232423e-05,0.0017314049,0.0062059695,0.030477649,0.009629123,0.019159442,-0.001763922,0.00266506,-0.00026235965,0.00653302,39.627926,4.7783484,4.908734,1.9211946,2.536922,1.4934021,3.1203382,1.8485795,1.981974,1.0424306,1.0660754,1.1956004,1.3860941,2442.9412574440207,130595.75133380404,5267.915786778567,414655.6834674431,1.2927924,1.3253222,21.480229723143953,14.412669423048111,17.1160915978684,18.02216196886654,19.31073046040235,17.20813685739381,44.90057696061315,37.652323511548275,15.231077220987236,19.519359115928808,13.43614741187335,12.34046507378113,5.644912313545918,5.387429477619092,0.21550258,0.028866656,2358.665888478252,31737.91169591267,0.27078366,0.0018968092,0.07530798858859403,0.21550258,0.028866656,1.9643555,78.30255681818181,1.2927924,1.3253222,3.933226952164258e-09,0.001492921492921493,0.4536533,0.45917064,0.4753391,0.77567935,0.4359734,0.46887767,0.5738547,0.5211431,0.4710231,0.45198345,0.6457102,0.47395256,0.046582665,0.025204623,0.028421858,0.060449522,0.03561275,0.04573835,0.076556,0.059279162,0.034830533,0.031568754,0.04634953,0.040378023,-0.08788909240538625,0.008100171617002416,0.07322347898407902,-0.05502745993752311,0.013301166712164515,0.027147916591476317,0.007371502527265053,0.004146588069578495,0.005522350255335326,0.0061739078723514135,0.0006705150352427764,0.0009241898962119687,-0.5154519744261526,26525.592,8073.4707,0.12468240948859242,0.0011888826330901203,1082.0016542385015,432383.767488735,-0.03513122518817725,0.1613511143345856,m00253.wav
-213.26424,115.16476,-11.69817,39.015358,-20.34833,13.082702,-9.182701,9.017152,-14.104312,4.271254,-6.0507803,3.7858355,0.22263557,6132.9727,798.2638,669.0846,350.93393,531.99756,278.2447,126.45182,67.96417,110.09561,92.602684,84.85938,104.41364,76.34565,-0.114088655,-0.0020235863,0.04951765,-0.040020365,0.015540763,0.016568504,-0.00762004,-0.00082265656,-0.0005218811,-0.011863983,-0.012137513,0.0073185065,0.006631559,81.229294,13.921751,9.816662,6.662258,6.8515196,3.1344063,2.3921437,1.6018622,2.5332816,2.3318436,1.6285369,1.5077033,1.4995248,1817.2305903199676,298141.4244144362,3943.8319655416185,1366784.3467715923,1.2483472,1.4046627,14.334424622044025,17.636703785511823,21.930637201839986,20.23588948543231,18.56280250828447,18.905217873570493,36.490663266735886,16.476661919726133,20.950104866328292,23.628220198744266,16.104522174068038,13.059321922162683,17.292748843219478,28.302290610577668,0.065281846,0.0066952696,1973.7920387975744,114140.14449366284,0.08128055,0.004346177,0.010956988191142183,0.065281846,0.0066952696,1.4125366,80.74951171875,1.2483472,1.4046627,6.683172135067178e-09,0.0014297052154195011,0.40807894,0.43578243,0.63382083,0.2714925,0.3733073,0.3769484,0.2822615,0.5777237,0.37032142,0.28502017,0.30812788,0.36510453,0.066226535,0.07983271,0.10956069,0.03257296,0.07124437,0.07926712,0.036550436,0.10108531,0.053858634,0.033004906,0.057378694,0.05281242,0.07890590160836608,0.09116606110045328,0.018371031325013568,-0.016988130665203674,-0.006768629573952082,-0.05265622264586751,0.014914122292779981,0.015542795343167175,0.02644094824179918,0.01847462487675339,0.003419446195340194,0.0023571060473048023,0.18781907689355462,4778.8765,1109.9275,0.07917482356921887,0.0013776590528174816,1008.9681335923135,352838.0327691391,0.3932890986990265,4.99521904568229,m00298.wav
-249.31532,131.00032,0.67786986,66.704155,17.911272,4.623277,6.603809,1.2421156,1.4099408,-1.5849273,-0.9725388,-3.5726156,-2.9297993,3977.6575,338.24554,1578.9688,298.3847,183.51115,173.19873,96.41475,98.26317,75.738655,91.75964,101.25188,85.11508,86.26875,-0.054443903,-0.008559922,0.024194034,-0.0011754504,0.009996409,0.015365562,0.010945753,0.0008287338,0.008195126,0.002225817,0.0025106985,0.011314954,-0.00672984,144.99696,10.552591,40.131294,9.029304,4.1398516,4.5095115,2.3140159,2.9008884,1.9493188,1.7551771,2.039288,2.461357,2.4909477,1109.3207632048684,138690.1460968939,2243.3167778422276,838253.6529387314,1.472139,2.848596,14.451171499016233,18.318366804984425,22.940932472995854,20.23024757724467,20.238832945104523,20.78675866242832,30.204763151307624,17.903306357528034,22.482208580885477,30.816156255517093,19.301285716850057,22.47389098311509,22.18033622151845,2.6108156908735105,0.070914984,0.0060443236,1463.110786018259,37662.21020221467,0.0891659,0.0031143294,0.011073258912280483,0.070914984,0.0060443236,1.6573486,92.28515625,1.472139,2.848596,6.077841492783481e-09,0.0012688334593096496,0.3431683,0.3635825,0.4173543,0.31258202,0.3804963,0.4046139,0.2639871,0.25899097,0.2810026,0.3863956,0.91686815,0.54500765,0.026369922,0.04168519,0.040122434,0.039524287,0.04939606,0.037696026,0.017184751,0.018361125,0.021652462,0.034941327,0.035305087,0.038338467,-0.06302753082003668,0.05169879583478476,-0.010212346002436569,-0.13887761070048016,0.028401797165070988,-0.05395779756098777,0.006291366536435523,0.006657903144380922,0.00495441559362321,0.012058785585597948,0.0012945721367225629,0.0013384799353915405,3.7571193651807886,4469.525,1132.5955,0.051697390999613305,0.0013392659740276058,1403.5982811626175,712768.9613315582,0.0311525940086784,5.393069155742117,m00313.wav
-55.631004,114.9514,-37.04922,64.900314,-7.1699824,15.256332,-16.247622,18.646315,-9.762152,21.460814,-5.662462,12.79181,-16.540876,1013.77313,318.2905,205.41473,68.838974,93.57416,114.96858,97.79859,77.883606,68.49206,73.34603,72.03129,99.28801,55.811726,0.08098657,-0.03931226,0.016420998,-0.0035819926,-0.01068936,0.018804396,-0.025438448,0.017050793,-0.0038254282,0.0026718688,-0.00048895023,0.010090647,0.0035336385,46.51966,8.547798,7.1361365,2.1707103,2.123178,4.3228383,2.0140667,3.0859063,1.4277574,1.3707013,1.4638613,1.658472,1.5576835,1977.0957176055506,137168.42529728127,3943.357335774362,695655.2182812053,1.3061333,1.2853739,22.301455960418206,14.470150755977272,17.724374373861213,18.03681755020223,17.765220402874387,19.248117852962167,41.31144769569104,23.390911807402173,13.242060440860518,17.485177921757856,13.818592700138543,7.60394472297543,9.746029168161687,6.8714973593637305,0.1570285,0.015728766,1927.7012074599013,73886.46080685861,0.19659239,0.0017112998,0.040386714818924016,0.1570285,0.015728766,1.734375,99.38401442307692,1.3061333,1.2853739,2.403689238094564e-09,0.00118469156370031,0.43320903,0.5215988,0.4982011,0.58348876,0.83286023,0.5273434,0.57707614,0.6443808,0.6618337,0.5783575,0.50233376,0.5469106,0.02264615,0.048574526,0.032134067,0.029134769,0.03644619,0.024924379,0.03380218,0.03603951,0.044284113,0.052939016,0.03295678,0.048773307,0.03467694312137948,-0.04709930037580401,0.023980447547099604,0.057595441779100094,0.018190358898959706,-0.014941901658580267,0.0037132317486185686,0.00228767723485188,0.00596544504869978,0.005001804519952781,0.0006796788364273723,0.0008900736614745681,0.08156108496430367,11984.04,6074.5767,0.10660165313225058,0.000946205608834699,1104.4144981209192,415585.3693339503,-0.029921619720920334,0.45003159655965863,m00338.wav
-70.11194,94.16672,-50.33251,46.95689,-16.10815,19.98747,-23.955923,16.344193,-22.179577,14.427519,-20.087427,12.139044,-14.773107,566.8039,200.07758,88.21024,61.875168,50.261684,36.163544,38.01727,36.634796,30.416029,34.87974,29.928564,25.6943,28.172438,0.061436202,-0.018857462,-0.0009450079,-0.0056495434,-0.009094036,0.010936975,-0.0022474527,0.0034795022,-0.0003498421,0.0014975892,-0.0067686182,-0.009107377,-0.009430557,23.472725,5.902787,2.6977308,1.7958425,1.6026132,1.34891,1.0261234,0.8577238,0.7529518,0.88876534,0.8766157,0.7677439,0.75518817,2471.4537520158965,108657.01545192841,4687.268717825551,458196.73856206826,1.1321666,0.9236168,28.43846530496415,15.209080585487941,18.455986904546908,16.983199688142875,16.817078802325042,17.246442812198357,42.133197330862856,22.067313340017584,13.719142689793172,15.748764369207487,10.736193825703463,5.959699573767064,3.483122559034495,5.423267802086295,0.08433684,0.0045337537,2102.1934648392053,25988.308861124162,0.1068667,0.00021669529,0.011646458929251398,0.08433684,0.0045337537,1.3644104,129.19921875,1.1321666,0.9236168,4.197461606081042e-10,0.0008940719144800777,0.62721,0.52805793,0.3789365,0.73580545,0.41458443,0.5312471,0.43929216,0.5315848,0.71316534,0.45457125,0.6949867,0.45104918,0.061664313,0.064662665,0.012167989,0.0457301,0.018599048,0.026238753,0.023557082,0.034906592,0.06370086,0.022909053,0.05743938,0.023570487,-0.13962069605745905,0.03974698596875725,0.03498992139483636,0.03354357600021929,0.007191568538473657,0.010987941202709762,0.005428431994350706,0.005966282733674799,0.005432210216129406,0.0102545622748185,0.0006627506074359608,0.0008989352410256518,0.029849877027779286,3966.5935,1346.0,0.15093857248163187,0.0009732999995177241,829.7872420843458,246903.79806623262,-0.01821228122525873,0.5395110180542977,m00339.wav
-192.50862,113.1928,-6.3497915,39.581062,-9.180212,17.197966,-19.102737,12.200302,-15.4702015,9.694097,-10.955244,12.916771,-7.2863307,1729.111,307.81927,365.72113,80.022026,47.384342,49.87767,54.467552,41.100075,39.426792,34.488785,34.670605,47.162296,38.465694,-0.012309506,0.012028447,0.026719596,-0.011316978,-1.5111275e-05,0.0039908416,0.0036505407,0.006436084,-0.008777811,-0.012434882,0.012652932,0.00767618,0.0091501875,54.338287,8.891989,9.27522,2.503181,1.5752151,1.6470962,1.4845884,1.5063795,1.312193,1.0727607,1.1293933,1.5831414,1.0760304,1825.7919930848736,130056.44459584991,4011.2377193300463,1186942.345617523,1.1884664,1.3320787,19.036845583546636,15.176492967685869,21.24114154478286,21.834574973793277,22.097922418121104,19.133547544969414,37.84134742954738,28.96214390132854,13.076738173882271,24.471188031243784,23.957409342799153,23.904798487205017,12.398248176282278,4.90700559567915,0.056152847,0.0029396703,2108.1336191611263,99303.18403693574,0.07116314,0.0010230212,0.0060928143625981045,0.056152847,0.0029396703,1.2244263,99.38401442307692,1.1884664,1.3320787,9.491402978648533e-09,0.0011541487343236614,0.44177967,0.27143756,0.5209414,0.4457513,0.30763376,0.4499705,0.42650026,0.7254197,0.43176126,0.4880459,0.42321613,0.35147542,0.05313168,0.019672986,0.088964745,0.06716749,0.026892329,0.07631296,0.029987104,0.07523556,0.037339505,0.07391112,0.058097687,0.044021454,0.0414109042150271,0.11800025317980321,0.06640061101395767,-0.04064820732198213,-0.0025228673400401022,0.005156442036453275,0.014458891051801405,0.007434501780090749,0.016420467235619254,0.010351809756982678,0.0022774946811868657,0.0015939589367000083,0.15391107249478306,2886.7815,391.04758,0.0768886250483372,0.0007207446968693945,914.5228162737541,312736.631938995,0.38584723507128305,2.940590439600129,m00351.wav
-350.35263,169.53174,31.771353,16.71844,28.658945,19.24618,7.845076,10.037886,4.7406454,2.9217067,3.900229,1.8129543,-5.969145,2656.7532,622.58655,316.68668,213.50073,188.21753,68.66772,40.60522,36.637596,40.665188,36.67361,46.568295,42.355606,35.479504,0.018693225,0.01783077,-0.0109601375,-0.016300227,-0.0028401287,-0.0125936195,-0.0077036596,0.0011125747,0.0010850502,0.0014147667,-0.005858953,-0.002143851,0.0010935363,65.820114,14.177075,5.931923,3.579245,2.0798988,1.0707413,1.0330077,0.9731746,0.97009856,0.8467555,0.802305,0.8085194,0.5430169,570.3499043432637,104947.12163877823,929.3001037739269,499972.2079548395,0.81345505,1.8445381,24.254701341583292,18.73859061882917,22.102529526764563,21.461753371733018,20.904475856152565,16.34442182617894,26.015943279729335,27.967719121588935,18.96831170848213,24.05755921966695,31.679184261432628,20.70424366124102,6.952342917929951,10.145757558141014,0.054264124,0.0031996097,995.5058536117048,84704.57757973934,0.06586,0.0018039934,0.006144204622444824,0.054264124,0.0031996097,1.5563354,58.72691761363637,0.81345505,1.8445381,2.2528884569700893e-08,0.0021278911564625853,0.15644896,0.17402646,0.16203895,0.1921892,0.5647523,0.12261335,0.28906038,0.124610245,0.24566638,0.508775,0.19496454,0.5881337,0.011783036,0.015782995,0.01864401,0.02010991,0.12915957,0.0136575,0.06621587,0.013931943,0.06378998,0.14788827,0.028737914,0.089342065,0.26962104547030885,-0.26894270447386365,0.04443148686820628,0.12975344532410685,-0.002649986312154023,-0.00028417045720520033,0.03121733032182844,0.017682837598394736,0.02932051288043348,0.04448021843341927,0.009176978962459639,0.008032768321748943,-0.0073985541362049335,3518.6572,156.67117,0.02169698315448569,0.00011746860485255436,429.0481474100928,72512.87271364545,-0.1172061050370593,4.671763574997004,m00400.wav
-77.92487,32.37364,20.107264,27.610147,16.27146,5.323757,13.487586,3.502206,7.344571,5.269122,4.0074425,5.2748632,3.7537496,6147.833,1732.1086,850.34436,419.67084,221.75282,211.51535,151.03645,128.03317,130.78511,142.4852,111.183815,104.12302,103.203835,-0.022819767,-0.04378428,-0.0010861974,-0.013717712,0.008900098,-0.01998794,-0.0053129666,-0.006037195,0.0062662833,-0.00667066,0.0060015293,0.0020353533,0.003230831,196.07867,54.250805,31.340202,11.508971,7.0988193,5.43624,3.9743485,3.5192163,3.1417851,3.3720522,2.8117251,2.3519764,2.1536474,3728.389159013531,2097593.1404460883,7635.0859533606435,4481713.855943832,2.321903,10.813509,21.97864603033204,17.53591385182167,18.720577939408106,18.255634706695847,18.34767076881505,17.308976490444064,15.772322499016132,32.42333115266825,34.72472662160683,31.281629455545996,18.646018954549643,14.322394647992013,8.684299777922222,2.556618682038723,0.20195621,0.03794417,3224.6342587686468,220141.1252605259,0.25176802,0.01525678,0.07873050937711638,0.20195621,0.03794417,1.9999695,89.10290948275862,2.321903,10.813509,3.3370841324711184e-10,0.0013162474292042403,0.48224336,0.5563826,0.46914166,0.4517723,0.39227688,0.4020996,0.49304625,0.628967,0.74266934,0.45859778,0.37910047,0.35902193,0.05082738,0.07775068,0.05425015,0.05838224,0.045191105,0.058965236,0.074721575,0.08399412,0.093267605,0.05389757,0.03932803,0.033386104,-0.045829913123289275,-0.010842682243480877,0.004963338107146607,0.07201640705426049,-0.002192024483164667,-0.008669351743122198,0.004105703515971548,0.003112148841204171,0.01473949855617143,0.010263748422880505,0.0015653660578267238,0.0015281167232885895,-0.02603712792756704,30225.744,13202.045,0.14473441729505027,0.016465154277826275,3493.5348920403885,9198149.534923293,-0.03200246866814932,1.3444216939552582,m00421.wav
-109.51281,97.39122,-20.617918,37.375572,-3.1134143,28.608015,-14.167001,23.848665,-8.735609,19.89689,-11.290994,17.932451,-3.4741397,944.84076,246.93887,224.00874,129.10046,123.24915,78.60422,129.6026,73.423676,78.844666,60.10717,58.902744,50.9405,49.910133,-0.0032757982,0.03346756,0.0036076999,0.00031920432,0.025831195,0.0016756478,-0.0156554,-0.024012955,-0.003335213,0.0014883411,0.0052356003,-0.0036617501,0.016700836,38.891983,8.312677,9.438514,4.5172167,4.0397906,2.778464,4.7690797,2.5468807,3.0288172,2.0218983,1.7028905,1.4133396,1.9818783,2272.5405033638026,222355.32138799274,4964.2193504386605,952549.3280230699,1.4688296,1.0844293,21.584326718765134,12.528733296237206,16.406626807052852,16.39739331731131,17.45581341339138,16.484210714410526,40.91028924935296,18.756328306023086,10.698167169351043,17.359118709996753,10.94862079477012,8.906793187538703,3.734179705828198,6.222798589738756,0.087300904,0.0060972767,2327.148206991108,52251.21769240436,0.10914599,0.0017848576,0.01371872327340532,0.087300904,0.0060972767,1.2940369,151.99908088235293,1.4688296,1.0844293,9.201176111389783e-10,0.0007678687913521574,0.4475173,0.35729522,0.3493883,0.41146868,0.8424717,0.87518835,0.69065076,0.66591823,0.60222477,0.5093857,0.48691186,0.4573357,0.019332726,0.016251756,0.0155343,0.016296098,0.032254837,0.022603208,0.035328243,0.048991773,0.04313287,0.024878426,0.025034536,0.023044271,0.020495976905010982,0.013271944173418407,-0.03685210641309319,0.060467686156950334,0.003759146373611029,-0.021306703490192862,0.0017016007610084509,0.0011618589604505097,0.0026113926143061174,0.0032589728447391473,0.0005484294800268512,0.0003342182331293231,-0.0034395205387026304,3726.3337,2490.9163,0.10443931868716164,0.0022997861379544463,1396.4190632131524,700446.7428372441,0.08867968121864862,1.1723807336560048,m00429.wav
-207.42522,117.61352,-41.420906,13.249367,-1.6709117,15.538312,-10.338402,-1.8724034,-12.771744,6.9996595,-0.7737135,2.0700433,-8.253666,1671.6696,212.66342,546.6037,155.46446,69.513695,106.619415,160.89204,141.65643,96.13075,128.17894,209.8166,159.9829,185.85457,-0.060179025,-0.005840554,-0.00688337,-0.01513799,0.0054466804,-0.01073427,-0.0028904416,-0.013738794,-0.011210617,-0.013157131,0.008213282,0.006654267,0.00910282,45.80671,5.1015015,8.897033,2.2440975,1.6909645,1.8868396,3.2846868,2.5097969,1.9445716,2.3682623,2.9039044,2.4417288,3.3571916,1623.758025282237,47648.8303420094,2732.0272281938805,294297.4877928691,1.2529572,1.2379214,18.109498352963012,17.23721128633658,21.238011578874147,24.941302290527275,25.80107842649499,23.421590606237583,35.81614163366787,25.861291480002908,18.661704986683617,17.741327252165277,16.28647775892653,14.340416093672083,9.82598798147074,13.398638815580634,0.065713935,0.004279964,1551.132227613424,79003.5628844552,0.08244843,0.0017944754,0.008598287264428206,0.065713935,0.004279964,1.4318542,135.99917763157896,1.2529572,1.2379214,8.833650987963623e-10,0.0008467864757843438,0.5055176,0.2538506,0.32205707,0.23899184,0.5186213,0.6101028,0.36108536,0.46597046,0.27992782,0.19837457,0.1580878,0.28714097,0.107832775,0.028390625,0.07374047,0.0387435,0.11439874,0.10883242,0.052986864,0.08453434,0.041007042,0.034682915,0.018228324,0.05179918,0.0625412445719876,0.11342705524346507,-0.0263427913884729,0.11770213724381218,-0.009963634909056654,-0.021620785072733975,0.010841335292758278,0.011710117964575275,0.030768539737870613,0.028058301381631786,0.004767491942691445,0.003779896454201877,1.5661761324644061,4603.8013,260.0167,0.10824964955529776,0.0008626330740070056,1016.34554629499,375583.40708395164,0.010619312046056824,3.184507005904063,m00435.wav
-103.14578,74.096306,-22.450449,51.598633,-7.0803447,32.669758,-14.982949,19.638306,-7.0651374,22.265232,-7.3165903,17.61653,-0.035863467,1708.1514,396.6913,313.74292,135.35207,142.19444,71.77595,67.721115,63.32951,60.444244,45.1719,59.750748,45.284737,65.006386,-0.023790557,0.0006951021,-0.045364216,0.007636195,0.0155497445,0.018251905,0.014992306,-0.0014937473,0.005931999,-0.0016316866,-4.646212e-05,-0.011991559,0.004307847,78.50082,15.101493,11.502126,4.1636734,4.896958,2.1236145,2.3043025,1.9858572,1.8959806,1.602274,2.0109663,1.388576,2.212306,2669.947535799815,338143.237158634,5526.430800010876,936023.7989859164,1.7009934,2.7266765,21.59047007208442,12.921618409922912,17.65064942429837,16.98909921415213,17.48400276988743,16.44661730881645,42.30205070416771,14.356274604611272,15.621343564189921,27.168673565756606,13.149763128048926,7.970526138328246,5.017426897849608,9.433128935140848,0.09711045,0.0071033416,2396.5034787087584,70809.63379813146,0.12068817,0.0019544947,0.016533780951852088,0.09711045,0.0071033416,1.6299133,123.046875,1.7009934,2.7266765,6.447427693315663e-10,0.0009282422646477947,0.4738923,0.4370185,0.34557593,0.3456812,0.91761744,0.92619747,0.7004182,0.60110486,0.5365885,0.43251696,0.42234346,0.3958904,0.023415305,0.019607846,0.01487304,0.012859954,0.008292069,0.014150922,0.018266328,0.016428797,0.017546056,0.01713867,0.02092746,0.018724076,0.027327063847753602,0.005472169722117331,-0.0714808227818486,0.07419109841764013,0.01215453455358621,-0.02716510512052883,0.0008886814222685224,0.0009750519267642155,0.0015219016487137591,0.0023027167435872484,0.0002457388138502411,0.000260561281053422,0.033701620279930414,5981.2124,2446.8328,0.11757230943058777,0.003453093160808795,1873.3794959755016,1492433.8176427274,-0.06147351069847615,1.0501821983283,m00454.wav
-413.0011,138.53171,-19.246777,34.156403,8.985244,-4.2935634,4.1500463,0.8692795,3.081244,0.12008631,-4.059801,3.7838356,5.919068,3768.3118,799.48425,267.53824,73.57457,81.39118,36.02364,56.319424,57.93086,49.97829,72.19112,125.532196,123.10402,159.54279,-0.008311228,-0.0014191559,0.008944853,0.006920274,0.0037849217,0.004616109,-0.002952206,-0.0014491486,0.010353785,-0.0044702743,-0.0059098145,0.00066070084,-0.0063823056,13.530682,4.7857537,2.53485,1.4734246,0.8563422,0.6376992,0.65281063,0.77608275,0.6108951,0.6396954,0.7931303,0.9995999,1.0799258,1171.4770789944057,81084.20870041888,2235.3896280452436,322983.3132654239,0.8754711,0.10329841,19.02834054793265,21.030532601074587,28.344419587245806,26.205293002160243,24.449359049212127,23.33323430512922,16.422667102822427,15.223488287635039,28.102367211711307,28.812746917929747,15.714153438950925,15.109020186718245,9.128598400461705,6.908926416646249,0.013510121,0.00018876033,1466.8960562926177,38275.53402985062,0.016472353,9.9755955e-05,0.0003712836201215583,0.013510121,0.00018876033,0.29138184,117.45383522727273,0.8754711,0.10329841,3.2076065297887636e-09,0.0010292812777284827,0.53431165,0.37491938,0.15016484,0.16908807,0.21110746,0.41522047,0.11897228,0.44658437,0.29639965,0.119248465,0.2947448,0.21759444,0.11453075,0.09263657,0.008868917,0.027747963,0.03945298,0.13153306,0.0050726123,0.09422709,0.0732246,0.006588242,0.10380039,0.05883096,-0.0988617310020129,0.20136056236046862,-0.01918708137650699,0.15693694973085,0.029365878211652836,-0.03216063888755761,0.03005671967671437,0.04733976642675826,0.04910268501760106,0.04921633992822012,0.0134298158340426,0.01010255291889459,1.649041052572676,234.57953,1.3778397,0.06086408787703016,0.000665012717402523,495.94468439663547,83247.75701653755,-0.0023980586848574596,3.8171659768717907,m00477.wav
-168.13132,108.280045,-14.153984,30.439228,3.8875537,4.6804056,3.1929495,1.9267527,-1.1429431,0.234234,-5.2528405,-2.5567288,-7.2262635,2929.1843,352.18668,566.5141,218.5998,71.741554,58.062946,44.439777,49.011467,45.861458,35.425217,38.434967,37.714165,37.686974,-0.058550604,-0.0061375257,-0.0019629227,-0.015496796,0.0021893824,0.011409554,0.009010039,-0.0011011099,0.011065701,0.007732915,-6.6145025e-05,0.0018739514,-0.006778307,63.436028,9.173924,12.662205,3.6526911,2.0783765,1.4748822,1.2789152,1.2206271,1.0841451,0.9070904,1.0464677,0.7181756,1.1145363,1725.6171874744873,109944.56938308146,3504.599586716937,742931.4060407,1.2728482,1.301896,19.678834696221138,20.406148537574868,23.02659891805872,22.33783722708192,20.894885773225706,19.2313747974552,16.58497937921039,14.025582870100301,21.77692800770836,21.736449178598697,19.445875612160897,20.178925121224058,11.419862239935968,5.712629953917751,0.07700574,0.0047797565,2091.1062374793705,103829.12445489416,0.09777056,0.0011424806,0.01070963881061365,0.07700574,0.0047797565,1.2633667,151.99908088235293,1.2728482,1.301896,7.958387205129641e-10,0.000785228377065112,0.47680146,0.49288306,0.3585086,0.25626922,0.31092528,0.45184672,0.41328543,0.44886348,0.5401525,0.302553,0.3556758,0.4128256,0.0895896,0.090424545,0.046412393,0.03267546,0.060783833,0.09597565,0.07745195,0.07093319,0.075465165,0.03986729,0.07915259,0.078485645,-0.038962055056635234,0.0008247201849842753,-0.017904213869516704,0.05264657414075321,-0.014827071084173082,-0.026257510693514775,0.007272776547504282,0.012716993132652479,0.021662430604802614,0.020966986393744884,0.002724926802794783,0.0030284110307276257,0.6552226563389804,5306.6313,555.42126,0.06751573980085074,0.0005776788451261377,1048.8832679222278,370878.4403149172,-0.060639858516150696,1.618259253120831,m00501.wav
-93.58541,89.861046,-55.879726,51.63358,-5.5666103,28.788872,-13.892081,27.35178,-15.314688,22.830261,-12.409005,9.700517,-19.727627,702.01117,234.7312,155.9056,55.612118,67.12633,71.83624,57.1268,55.175816,60.998833,45.25841,39.76247,34.084034,36.404613,0.025102789,-0.07432091,0.03763767,-0.006176883,-0.018741239,0.012090802,-0.0052780476,0.006432401,-0.0019759866,-0.0016661406,-0.0045474195,-0.0018965639,0.00384092,29.421001,6.8189197,4.8682523,2.1343176,2.2642417,1.7034562,1.8127911,1.5490884,1.4412166,1.3189682,1.1782379,1.1138791,1.033654,2464.2908930549056,124017.9860420619,4549.026552983613,719257.0552748226,1.1271944,0.9918973,20.32896032535661,15.421012048897664,16.58532983512809,18.1481590832529,16.790734367315775,18.176010627957492,41.1776909317664,13.601422535871473,14.624775583510436,18.361800265646135,13.194446373403244,6.862173412847135,5.847335798087828,4.465522211648209,0.07395851,0.0036898279,2037.6875577545443,52987.02588982297,0.09362837,0.0003873215,0.009159687413114957,0.07395851,0.0036898279,1.2434692,129.19921875,1.1271944,0.9918973,5.358241111960237e-10,0.0008998308318036211,0.4195129,0.44639602,0.32529092,0.4472417,0.5509122,0.34733346,0.39649546,0.49319342,0.7253595,0.8527454,0.604636,0.5903771,0.033444054,0.05808379,0.019772971,0.026025804,0.043609273,0.015378459,0.021031547,0.027914306,0.04309178,0.036545463,0.032774806,0.0512427,0.0326027647533318,-0.05470914057449602,-0.02587044220316907,0.06485375916413891,0.008574653062616466,0.008119678521659937,0.008283899992750659,0.0013339014214802302,0.004693062038354625,0.0037239465413061125,0.0004710782704154745,0.0007142521361020333,0.7312088564389714,2690.4487,1424.6929,0.15186113326566125,0.0009893623925114783,822.5530137698178,241547.91033556542,-0.0934880587646544,0.8110453471168091,m00503.wav
-52.642086,47.784134,13.462859,2.220573,13.260102,9.145648,14.452528,0.8663765,9.462137,6.998185,-0.6944442,1.734682,8.505543,2847.4998,482.88263,433.9006,173.81218,139.20583,81.529976,93.55488,86.73648,84.27131,88.325806,58.401997,67.08322,69.679146,0.05286774,-0.014440305,0.027325151,-0.012621803,0.014230102,0.005339188,0.0049268217,-0.013899426,-0.0037841368,-0.016098231,-0.01338092,0.0036811873,0.009746014,112.133675,11.389672,12.431494,5.342909,4.7779493,2.6269417,2.4966187,2.9647157,2.5293868,2.6402433,1.9613608,2.137143,2.6291385,4052.736284531415,1101109.5711654045,8382.994217662414,2380079.904731572,1.6669433,3.258632,16.66560887461093,12.493381597919473,16.59558385763844,18.159096140642916,19.202393825017893,18.090139777321056,16.253162143987296,15.551891830981717,14.400666953192799,17.295942910616493,15.43328960389108,13.67629519889847,13.055951550355738,4.424210667905748,0.122318126,0.013753286,3426.4159902663764,153215.83683800255,0.15650387,0.0041842116,0.02871501556490966,0.122318126,0.013753286,1.9999695,129.19921875,1.6669433,3.258632,3.4083082494954985e-10,0.0009165386584741423,0.59730035,0.5343935,0.5869835,0.5307867,0.7687578,0.6029029,0.5375018,0.77882504,0.55623895,0.65379864,0.7249637,0.6550879,0.031389486,0.030887447,0.03185168,0.030115772,0.04780049,0.030291839,0.0302525,0.048272293,0.032884106,0.03035109,0.045130983,0.029496754,0.04770265875390335,0.03184576632298723,0.025338551911186072,0.010202219364019147,0.025361217168906776,-0.02069997543336539,0.0028024851017775976,0.0017293401297940314,0.0028876236827866278,0.0031340227011466097,0.0005879610089113652,0.0004557454888719212,0.8161943838758681,5734.1553,8507.048,0.2106100909947796,0.008529831186217073,1799.4483320743825,1374755.513962543,0.015988468054397274,3.1371674570738826,m00513.wav
-95.046036,109.33905,-30.173485,16.371214,20.04151,11.963911,3.490323,6.177454,5.204813,8.618461,0.33158284,0.38170952,0.5376681,8574.452,1636.1671,858.1228,254.22563,303.50888,68.02074,109.249176,46.68778,33.539925,36.806965,33.848213,36.61236,36.6298,0.0063954093,0.021852542,-0.040172912,0.008140882,-0.0038000064,0.012318678,0.0067613693,-0.001590149,0.009213553,0.0068666306,-0.0053365408,-0.0021907666,-0.0031902706,257.39804,71.18675,30.710316,7.249498,5.73011,1.739282,2.0411181,1.5602359,1.0130786,1.1465396,0.94279045,1.1067283,1.0755048,2117.600893757939,923743.6177786193,4198.641535854118,4725723.507781835,1.6292251,6.103433,24.26901315934618,15.476135335673202,18.262854919618242,17.750168982555163,19.398043644586814,18.970157751909557,16.06351750503236,24.388248946042285,21.367857149744403,23.361043642829486,12.978371245271642,9.542177930009986,9.658538650943608,4.076506728306215,0.11459043,0.011701396,2143.8668309867053,558116.7421671996,0.1469729,0.0032042926,0.024832367941345797,0.11459043,0.011701396,1.9771118,117.45383522727273,1.6292251,6.103433,1.6888224430716637e-09,0.0010082604470359573,0.57003087,0.5983926,0.66260934,0.7790168,0.61114925,0.56826395,0.44573537,0.47928974,0.46523008,0.55304414,0.68556356,0.5469346,0.04906184,0.039868217,0.045235865,0.0392258,0.0343271,0.04838193,0.026868809,0.0365716,0.04406421,0.052454766,0.04724577,0.03158104,-0.028503704976876633,0.026542065767051176,0.016996438650317757,-0.02384560912046595,0.008975262812022006,0.0033800380296532756,0.004356371028467206,0.0019437714990492027,0.005930368353999791,0.004688135249257498,0.0007704494120246782,0.00044512944017801215,1.376736823839095,6729.3647,4614.6885,0.10365534971964424,0.002789953214514918,1720.431903392356,1714036.0045472467,0.05494231108498086,2.258358848161537,m00553.wav
-171.32309,137.33298,7.9547596,28.53364,2.6904237,-0.5032649,-2.9567094,-1.1481972,-6.1525826,-2.397033,-5.854901,-2.1742196,-5.340976,3324.3464,1054.2655,128.95088,92.8941,144.79138,59.848824,34.520065,66.51207,55.760193,63.35603,51.55237,43.78451,35.83987,0.00090031134,-0.0058576846,-0.010196666,-0.0171702,-0.021317506,-0.009505001,0.0017392541,0.016996352,0.010188363,0.0007749419,-0.0011317746,-0.005833821,0.0051276134,80.55743,13.867971,4.1004577,2.7861743,1.7466927,1.8227497,1.1351236,1.6728219,1.7129725,1.3967673,1.2132534,0.9630834,0.77706385,1470.219043159776,284075.7400996164,2967.8432809781034,1852731.6304974202,1.2034115,2.2708802,22.154363948903697,14.462432005627324,19.677468643039845,19.60553412897587,20.392056250868666,19.33606597380631,15.601996532604428,25.642210710793023,15.26208850615558,17.131280186878048,12.127055398646078,10.406908349965592,8.292747377827968,2.543816236445081,0.07081736,0.0032023285,1960.2098614668155,199312.90684705126,0.088679396,0.0003467227,0.008217427387714304,0.07081736,0.0032023285,0.9483948,89.10290948275862,1.2034115,2.2708802,5.127647003550476e-10,0.0013366750208855473,0.323457,0.43592116,0.7098664,0.38559842,0.5336087,0.2832186,0.402685,0.445301,0.31255293,0.53145564,0.32456946,0.40653494,0.034427337,0.047486577,0.084768005,0.029793609,0.07846884,0.018526776,0.039581273,0.0796031,0.022837099,0.100616276,0.019103333,0.038877815,0.15530728161432297,-0.012840220458636049,0.0023527829911435,-0.06389625051706363,-0.002070169663214787,-0.009126025937391011,0.005826918024451914,0.006063186698183233,0.016692821279316074,0.021969333026658558,0.0032130744384884515,0.0019277918021155132,-0.05978830687410378,3326.9739,668.33997,0.06387005752126837,0.0008163957889614217,938.1203166610595,421245.8587834322,0.005439723294773823,0.4442544678802989,m00606.wav
-94.26048,68.1341,4.029074,7.6326213,12.799715,-3.186749,-3.9116669,3.8171222,-6.116798,-0.3535829,0.3277284,-4.678538,-3.0110474,6278.053,1081.9825,746.64105,506.45883,393.13156,209.09822,189.064,141.50856,165.27666,126.85767,154.57465,87.21975,94.44282,-0.14040795,-0.059162773,0.05341127,0.035475887,0.04053271,0.031583894,0.0033167694,0.0052033025,0.016427143,0.004734414,-0.010100459,0.0035619112,-0.005670975,239.4981,33.12847,20.729898,13.731538,9.855759,5.5580297,5.201685,3.342992,3.8251114,3.2169526,3.3822656,2.9936047,3.0578115,3089.748473006295,1311481.7381956233,6574.88795588022,4660051.196670187,1.8542656,6.9623046,25.991334803860518,15.12741287010177,17.749681354629043,17.76529471768949,17.40323415521042,16.60290108125881,15.205288420650506,31.6845447839212,19.936224534554807,23.319178051346974,13.187976115554488,9.551608655354904,6.772606511977762,3.2463702751127346,0.110595115,0.012960722,2973.746994731751,271613.39219430677,0.14284647,0.004759556,0.025192003870158002,0.110595115,0.012960722,1.9821777,112.34714673913044,1.8542656,6.9623046,3.5962807884763494e-09,0.0010675039246467815,0.47842443,0.49460763,0.61286634,0.5860352,0.597702,0.5469946,0.60663193,0.5550881,0.51304555,0.76491016,0.64763707,0.48860624,0.047078982,0.038875878,0.056211416,0.05587893,0.060398888,0.048217602,0.05956853,0.05195672,0.04660722,0.06028001,0.049134377,0.05451622,0.038735094199697624,0.0070384618187415504,-0.03276889076152478,-0.048553145881699074,0.009993282905199428,0.017163894012821045,0.0031257372100385217,0.0025875959818945768,0.005658698358705637,0.007320154898929816,0.0006623451589909587,0.0007742340228503728,0.027705853269945013,5943.5225,6293.6836,0.13615569714327147,0.007493782058174148,2228.061472668707,2916518.9524482097,-0.010408608753673936,2.620353585625173,m00623.wav
-57.683716,101.41867,-41.490356,55.114075,-23.33916,28.144377,-12.126062,18.141897,-15.424081,11.882043,-10.80153,9.3880205,-12.276187,775.6584,209.5275,179.42589,109.3023,64.25891,58.015842,74.252975,53.116543,79.792694,49.489502,58.661385,38.294064,44.208828,0.05128128,-0.032882664,-0.0018683763,-0.002449119,0.015808547,0.016156621,-0.01427699,0.0073416713,-0.024245985,0.0059191915,-0.025359116,-0.0012623057,0.00064929033,27.198793,5.7162385,5.391657,3.0844715,1.6897122,1.8443984,2.3600736,1.9220327,2.102131,1.9100745,1.8819704,1.3562313,1.3134481,2378.492400270937,93930.26009985952,4748.421016259425,286366.74390940595,1.1309271,0.7855645,17.838064919080676,13.723984679101473,15.349095549803595,15.636816278484222,15.407648972911733,17.412608181068354,41.3153019129146,16.59226616666269,14.40947009469791,13.495964835779242,7.867695397359274,5.030379678617394,7.6699964877177385,7.997802351097403,0.10258613,0.008295233,2092.421779942304,33270.49649940793,0.13156159,0.0014903627,0.018819144635746722,0.10258613,0.008295233,1.6584778,123.046875,1.1309271,0.7855645,9.371019313457833e-10,0.0009558695272980987,0.5390737,0.6047253,0.54140913,0.75718856,0.64682966,0.6378906,0.6556514,0.6323007,0.77034795,0.6446371,0.6733815,0.55975246,0.02650611,0.049139258,0.023696974,0.036405012,0.041093666,0.038551573,0.042483766,0.0350079,0.047376223,0.03740828,0.035445124,0.030381842,-0.0533396676885718,-0.01865622798647336,0.010117890061169192,0.011943079709822065,0.002659589808394086,0.0050256821375170325,0.0036266257414192126,0.0029433121108026292,0.0046867463263885155,0.003948962714825621,0.00046800370244909166,0.0005227370197765735,0.7723426865436065,3875.5925,4217.584,0.1412658455384764,0.000987374823041458,827.9031764912916,261015.8447784881,-0.03142755191959176,1.654231432337406,m00627.wav
-82.9455,122.53113,-16.672253,40.01724,-15.014211,21.675644,-18.251837,18.362713,-17.989063,16.989252,-16.042936,8.533768,-8.709853,1522.8027,366.69846,119.10518,93.00683,137.03116,80.410706,46.340527,41.055298,65.476395,47.052765,39.805027,59.280846,46.42478,0.03133559,-0.011473766,-0.010195183,-0.00034079916,-0.008258433,0.0056205816,0.009874089,0.003262597,-0.0022350275,0.0017581476,-0.0035696414,-0.0096388785,-0.0027660413,49.864395,9.820841,3.4379113,2.3173692,2.4470692,2.4755201,1.2773473,1.2468886,1.3160369,1.1327853,1.0234436,1.6528139,1.24297,1881.2205097000312,161189.22457590018,4111.442888087297,1125027.599105688,1.1976473,1.8051624,20.46258838496329,15.862124140219182,19.547370928068336,19.570747059910698,19.443558621874168,17.84498099213999,41.06172570174987,17.623377109756095,17.493053904190255,18.666456901074337,12.553502542632197,14.207193929977686,9.471560020891504,8.8135510718697,0.12443133,0.010040462,2116.1645632246054,85105.2698415703,0.1549709,0.0014862922,0.025523617550363104,0.12443133,0.010040462,1.6325684,129.19921875,1.1976473,1.8051624,5.016356032208814e-10,0.0008878968253968255,0.29064047,0.48820734,0.3851181,0.59135014,0.66413015,0.45318747,0.518184,0.37799174,0.48589852,0.46605927,0.35852337,0.49893162,0.016785588,0.07240423,0.017998604,0.058978643,0.065704815,0.022485362,0.061965015,0.020835048,0.07357988,0.05164487,0.020173874,0.07275389,0.007411001886775989,-0.10827462042269054,0.013928958653469763,0.03310754726664641,0.006519922169026098,0.002540111699489464,0.0097790695104082,0.0037648075288361543,0.014839261804696358,0.011828835199462004,0.0019825711580922817,0.002548827206691441,0.08306727994578206,9628.441,3318.1453,0.08111548663476412,0.0005434171511462915,928.9329666864121,390550.10540702916,-0.041510208976832885,0.4596601423250761,m00629.wav
-122.42891,111.49043,-13.700005,53.85051,-2.6792428,19.700176,-14.1241455,13.753136,-14.02773,14.631097,-13.993238,9.227839,-10.554295,3964.9,716.88763,396.8503,277.1261,222.3608,194.59755,169.56166,125.24722,112.49253,97.527664,83.06414,80.36703,74.51219,-0.0017800209,-0.0024794145,-0.008270982,0.001926844,-0.007251133,-0.010400901,0.014126903,0.00040539197,-0.012994349,-0.0030129137,-0.009525173,-0.0062830998,0.0047581606,87.33052,22.523733,12.074307,7.0984793,7.442814,7.371654,3.5918918,3.5742285,2.716002,2.975728,2.4299488,2.4914606,2.294993,1879.4371808250905,280446.5084616598,4031.4303015334976,1395700.5854162776,1.5547535,2.9727254,20.717139830829414,16.49078023677104,20.28445156741423,19.600389062020497,19.843334403342464,18.997733940865764,39.0671468502967,26.978353918192866,20.940334667184132,22.44671945666874,20.256318442525345,17.5307174730581,14.35307172641365,15.472845641368151,0.10448644,0.008690265,2085.3623390470316,116354.77261789225,0.13355477,0.001738133,0.019607680210439352,0.10448644,0.008690265,1.9840698,117.45383522727273,1.5547535,2.9727254,2.4333797931567258e-09,0.0009867855188052232,0.5764729,0.4694222,0.60203326,0.5516434,0.48494217,0.59568065,0.39421493,0.43828642,0.3815889,0.48663515,0.57168907,0.44220385,0.06435416,0.036517408,0.060252696,0.0672253,0.05419734,0.076003924,0.025054382,0.04786202,0.03309499,0.050152283,0.069895886,0.037326165,-0.008805140848877442,0.07866656233646635,-0.017268934236711442,-0.02490494805708684,-0.005025051976754119,0.001235841664868149,0.00928107956800369,0.006436878187372167,0.01237065370121139,0.012825316612206705,0.0017004691233433642,0.0019064243544623482,-0.05699203355867717,5956.183,3262.9602,0.07828473934164733,0.000904625846388053,1565.4526325327759,1008993.0162730556,0.042077279899862145,1.7260396164679532,m00633.wav
-122.77545,95.02316,-29.384428,46.777218,-16.006794,27.109676,-13.129478,20.252937,-5.38928,15.461106,-6.9193435,15.639389,-6.7110047,957.928,510.925,289.22577,120.44068,130.23804,89.19621,123.75946,94.82836,81.8227,57.592133,68.20067,57.99157,57.07035,0.046697933,-0.04656668,-0.039668057,0.010315601,-0.011692701,-0.006231318,-0.034617107,-0.005199388,-0.010553076,-0.0010910477,-0.02343407,-0.009486869,-0.003373762,43.71013,20.116953,9.642208,3.87833,3.4456525,2.6328375,3.6176634,2.9647388,2.7409847,1.7538594,1.9302062,1.5683609,1.8714666,2290.9396464507213,383310.6328598948,4820.264974713602,885143.6004475105,1.416666,1.221158,17.72135642582059,13.35797094059352,16.955838389300336,16.932999621954337,15.929894050381261,16.27516004863583,39.88091214687282,17.95910172502409,15.208648805009602,17.560481102184898,8.030242401836016,4.970424103464432,3.639988227549613,8.192383290422907,0.08337972,0.00564161,2181.5663391062944,58935.77193954255,0.10224163,0.0021299655,0.012593790691948704,0.08337972,0.00564161,1.0418396,107.666015625,1.416666,1.221158,6.753055685046801e-10,0.0011115557334044728,0.49275833,0.5139121,0.45926183,0.3900297,0.41428724,0.5239594,0.8832514,0.7753166,0.5582955,0.50542545,0.46766922,0.47963494,0.04941981,0.05031686,0.03932634,0.030140964,0.03191668,0.024691049,0.03374665,0.028098293,0.03049129,0.048243713,0.037408315,0.033143103,0.01529412092237625,-0.027057437484806164,0.021865168819743944,-0.06307579441844549,0.011423041784221133,0.015533188270795336,0.0007930696479019413,0.0015527645074532254,0.0032187561016923196,0.003918197064108057,0.00035642278925282223,0.0004388531196423419,0.10704702271062742,4758.2847,1385.15,0.11330995021268368,0.004862582053472399,1299.102412039038,607703.336526578,-0.004417182802281254,0.9345591886525808,m00637.wav
-105.535225,76.67295,-24.781746,55.20959,-8.259848,28.897642,-15.744415,26.299292,-8.478252,20.452374,-8.147398,13.90922,-6.5623593,2076.6758,342.67715,400.24612,201.19847,218.958,127.5792,143.7281,106.891136,94.97097,81.601555,87.38327,79.74731,69.78725,0.20234576,0.004996454,0.00025735784,0.02828608,-0.014030466,0.030027362,-0.001590658,0.017066583,0.010164229,-0.0012201451,-0.013482701,-0.0078002983,-0.00228076,60.36246,8.893798,13.314086,6.0577054,6.956042,3.4165044,4.488634,3.0422966,2.8293488,2.2543209,2.7057903,2.1567113,2.2134628,2629.0449787378852,260697.72081985348,5411.5703963348315,642431.5851947177,1.5373178,1.8821771,20.521406335126073,12.273125528991626,15.694486591396991,15.666700068924454,16.786333122507376,16.68719788819142,42.23158321984126,14.515841097422054,14.055844583801244,15.999831830141206,10.3311555410199,7.807925562250701,6.41899767597594,6.7445703829006876,0.08952409,0.0067751403,2350.8161857981336,51835.05857475376,0.1135739,0.0018789051,0.014789700951598986,0.08952409,0.0067751403,1.4328613,103.359375,1.5373178,1.8821771,1.3163239596670122e-09,0.0011519274376417233,0.559518,0.55933946,0.51829207,0.5636245,0.66425866,0.7847786,0.8326769,0.59009635,0.60722,0.6901235,0.713421,0.5855961,0.032016937,0.027610062,0.028916202,0.03243035,0.040904146,0.02900797,0.03066131,0.017729137,0.03363813,0.033912104,0.043212507,0.036153615,-0.010455638867489863,-0.012793612983911299,-0.03887040292367366,-0.03267878778019547,0.002019731640642135,0.009232780507175816,0.0009206261230226197,0.001061981157642665,0.0015673437614290076,0.0028212532974197465,0.0003117026498836841,0.00030508576047107454,0.05434490628386696,3824.8225,2572.728,0.1385510319992266,0.004135411522196877,1530.0259148436085,834730.04770564,-0.04199483971542532,1.638485385589119,m00658.wav
-251.33118,105.8357,2.162297,32.47585,16.535751,8.277351,10.350331,5.496451,0.86778456,8.342783,-0.6285378,9.887255,-1.847566,7625.5483,1204.5206,1211.3474,284.81012,250.00073,146.30331,139.79724,93.81022,100.238686,73.281006,88.28361,69.65813,63.51542,0.048542187,-0.027864516,-0.05756885,-0.017384805,-0.037810307,-0.017574277,-0.022790462,-0.00294267,-0.0038426053,-0.013214418,-0.0038510866,-0.0053728404,-0.004436127,285.29672,42.49611,37.616158,9.153846,8.3080845,4.357614,5.148262,3.183754,3.3515255,2.475328,3.08294,2.3106697,2.3970652,2004.6584153650451,1514120.1740088458,4159.813490157338,6640048.67124769,2.0017307,8.786255,21.27553470413713,12.806843618811234,16.277533275135728,15.868418603387093,16.67780552411759,19.550680728236703,21.429274151573683,33.770125945071484,15.108766535021239,18.44161003910621,11.528952348313021,9.953401795231928,15.556018073184887,61.78662430775647,0.048425626,0.0034771822,2297.795832553689,517139.35763714206,0.063029096,0.0018418191,0.005822223775527056,0.048425626,0.0034771822,1.0572205,75.99954044117646,2.0017307,8.786255,6.982814215054529e-10,0.0015318720080624842,0.4578286,0.57824916,0.71017516,0.5870511,0.55971825,0.49733278,0.3969129,0.46245697,0.46396208,0.5254883,0.46712428,0.48815435,0.041094236,0.059384298,0.082713604,0.06508668,0.071188055,0.054225806,0.033029843,0.05988009,0.05438,0.084752575,0.054020643,0.09532042,0.034004528846965226,0.005672387055926841,-0.009645255628256107,-0.016218657917231618,-0.008427643146490414,-0.012381232130411094,0.003115236800058108,0.00240202526641136,0.010911323005523757,0.003886951575045186,0.0008356231846447827,0.0007576497317954975,0.09180068293967185,1670.1628,1277.948,0.08975349538379737,0.0074938770463262895,2596.8740626839153,3631919.182577157,-0.034237686889286585,4.967640662009997,m00671.wav
9.566639,88.86886,-20.312077,5.110698,-2.9176505,-0.17563917,0.33215392,1.6097705,-2.2632651,-0.95023286,-6.214681,-2.9705687,-1.8106345,2168.0952,807.2999,293.6864,187.91045,119.09986,89.18705,96.36064,62.144142,52.268272,64.4928,52.985077,46.499866,37.809483,-0.12188777,0.01129711,-0.008009703,-0.0019549432,-0.007357384,0.017238097,-0.015076802,0.00038546955,-0.0073019606,-0.014338421,-0.0043706098,0.011256289,0.0091732,71.29239,16.809917,9.646912,5.10904,2.8131428,2.4305968,2.552561,1.5679423,1.4942602,1.6538845,1.1573099,1.0880088,1.0214187,2568.4472433296255,402962.1051081601,5349.876853429524,2235904.078851668,1.2753469,1.9807012,21.796614249208353,12.430446673201025,14.70869152174674,16.227984504855016,16.42915776806411,16.62652848383697,15.280877856854465,25.937572180276412,13.364830681890187,13.529773085738436,9.391761752481269,5.297282624860771,4.598553652813419,2.023272198522923,0.18536289,0.02549609,2558.809406796564,175010.51496403822,0.23431744,0.004888434,0.05985548769357404,0.18536289,0.02549609,1.9999695,117.45383522727273,1.2753469,1.9807012,6.48907987661632e-10,0.001016208952716889,0.64873874,0.71666694,0.6108527,0.68101186,0.66852474,0.6299754,0.75962096,0.636116,0.7361495,0.7081156,0.73955834,0.70132947,0.031431712,0.048458654,0.031414658,0.03326165,0.03219995,0.042410437,0.0294072,0.030504553,0.03759621,0.033484858,0.033137884,0.03552816,-0.01932478898327036,-0.032692710682793155,-0.005455479918989026,-0.006556541463742506,0.0030947795443665308,0.004320407213538037,0.0015491704563546543,0.0019398669235856712,0.0026320785039041146,0.0026843230744994424,0.0006810123631714148,0.0004656930277791867,-0.4789833605741655,13515.289,10954.084,0.13159538440158547,0.0026080619763703067,1053.3422502995606,481655.13594224094,-0.012484439168411115,0.8905860246103727,m00676.wav
-139.56085,128.79108,-20.232744,49.427704,-2.163364,16.994392,-8.339966,9.827165,-20.141237,2.5050972,-11.247482,3.7663162,-6.4156575,2073.3337,590.53613,368.50266,210.40738,179.32687,150.99641,103.88053,89.88003,79.60281,136.18034,83.15777,67.83418,91.431595,0.07500502,0.00983137,0.010602251,-0.00608306,0.0029279615,0.011570982,0.013906315,0.017163036,0.010607472,0.020493304,-0.00028178605,-0.0055235,0.009535194,51.258602,14.336886,8.612928,3.1853747,3.190605,3.7065668,1.9819643,2.7152727,2.1745417,2.2260463,1.7800395,1.9247745,1.7724625,1425.279703902191,268057.1805591878,2981.1912023274363,1196276.8805499002,1.1586927,1.4667413,25.297275977619556,19.77465450635842,25.19132661401103,22.94187343793294,22.931491757932292,22.68380804976815,39.04888630787939,25.409242819771006,21.525932117948496,26.029274749483275,19.720744913102976,17.2993826585185,19.645502677968793,11.632113232492207,0.1425523,0.014435609,1691.0074865318704,119704.70437399381,0.17621148,0.0036426291,0.03475676768375053,0.1425523,0.014435609,1.8486633,117.45383522727273,1.1586927,1.4667413,1.1885654065067031e-09,0.0009883493627335991,0.54624367,0.22833663,0.2746439,0.20149541,0.32959655,0.4229793,0.23532113,0.5305569,0.20238644,0.29477426,0.17519239,0.3253162,0.14477253,0.022274794,0.047762237,0.018315606,0.057457637,0.1276954,0.024350284,0.12214109,0.024187885,0.05629457,0.016354442,0.06471912,0.10747634533496078,0.19340060441112328,0.03546149244176166,0.10961493795085021,0.0064560017225803075,0.0009464343693914366,0.01653699575440601,0.018772606222959436,0.06982771311313764,0.027134543353130796,0.006444755312034954,0.006488687590622659,0.4420954484307992,17757.012,2118.6035,0.06172207318252127,0.000959397841146775,869.3754082921445,299953.2881040854,-0.08972995814285249,0.9077560645301239,m00677.wav
-95.38948,92.07625,-28.034971,52.784756,-3.020198,25.395441,-6.1320233,20.092926,-10.223895,12.403391,-8.271537,11.690027,-9.267028,6461.934,432.39655,993.06586,94.107185,136.87314,124.16635,125.41118,85.991684,67.7197,70.27636,47.179447,42.437,54.12593,-0.064218104,0.021265607,0.056334518,0.0006039421,0.0023568072,0.010727861,0.0010686987,-0.0069096433,-0.004031997,-0.0043311855,0.007868405,-0.0001316915,0.013035116,148.14786,10.689757,17.663057,2.296327,3.1244502,2.6576061,2.4053261,2.2764127,1.837698,1.9848173,1.2420421,1.132885,1.4101043,2241.15928289076,392224.6525636055,4490.771994181409,1578088.652510671,1.2730188,4.545215,24.327525560766745,14.0796476138953,16.428988719154457,15.876154468363225,16.148588332062356,17.587599284833033,40.24998186201076,26.806043206196208,21.30020658090212,24.820607959218528,13.024550924938703,6.769345573317785,6.680887775824197,24.007429948455556,0.107902035,0.012165136,2115.949176940202,128527.08147395344,0.13896145,0.0044837925,0.023807980301460877,0.107902035,0.012165136,1.9953308,151.99908088235293,1.2730188,4.545215,7.89930858078046e-10,0.0007564877802973041,0.4829071,0.4485574,0.49768448,0.49226356,0.638139,0.62502474,0.82356393,0.5922912,0.4785655,0.5236087,0.42006376,0.48933014,0.05247743,0.031550843,0.05426551,0.048269723,0.0700985,0.05272059,0.046164755,0.059045833,0.046690665,0.07770477,0.041076493,0.054174736,0.03696417759888991,-0.04949959771257443,-0.0031528325624658434,-0.04154669727816074,0.003642883692597162,0.02390037951537186,0.002484324150898607,0.008064494435982752,0.004278996185380149,0.013402683015188039,0.00042434745990729166,0.001616747880615626,0.16125128727335253,5316.977,5398.414,0.11569735474671307,0.0036735220332025694,1050.7861004555152,517835.09317693755,-0.09318337954837368,4.369010831496407,m00678.wav
-202.62045,105.849625,-20.564377,43.89213,-14.27648,25.298758,-15.593872,15.321756,-13.293833,12.276259,-8.7665825,10.162182,-1.8646487,3002.8801,677.4035,526.76807,171.27737,86.94273,49.21033,68.66837,61.780567,58.847343,61.91709,64.3142,59.622654,64.97049,-0.015722938,-0.011427039,-0.016913561,0.008985255,0.016483856,0.011371703,0.017946534,0.019278895,0.015921462,-0.0019320128,-0.0027366867,-0.0037038962,0.01346258,80.22311,9.198368,10.315783,3.50335,2.2115362,0.99436927,1.8479874,1.0876409,1.4253854,1.032986,1.6113287,1.3814137,1.5939282,2034.4917207031694,314424.58272543445,4342.462682170823,1568812.7531491397,1.2809424,1.8539764,19.53295577723424,14.628072484118258,19.302595527559834,20.016197250032885,20.61623254330413,18.382982419245973,37.21557654492883,25.66985630389585,19.3591622639669,24.715942635056223,22.797263175610162,15.027977912209517,7.711839083464307,9.233604655977773,0.046099123,0.002175445,2084.482331196511,136858.5915694454,0.05883789,0.00083563663,0.004300574623556386,0.046099123,0.002175445,1.0730896,103.359375,1.2809424,1.8539764,7.711943011856631e-09,0.0011101662887377172,0.42893425,0.38868502,0.5076737,0.52790654,0.41077986,0.34942904,0.38837987,0.39373818,0.43951184,0.36041683,0.35484424,0.37827304,0.080178976,0.06061266,0.08020387,0.0689173,0.062196996,0.046499673,0.057098538,0.059602477,0.10600086,0.06110264,0.06921611,0.06408844,-0.008271511493567368,0.012253785683376723,0.04434121170204356,0.007202939424240146,-0.013733890982202972,0.009439369624160804,0.01575182069038989,0.014629593272961039,0.014583994876659413,0.021558516786410877,0.0033776485205147568,0.0023996903595245233,0.13092634105000056,1595.7971,577.60486,0.09322282240912606,0.0026010092883265437,1062.5332531897468,405463.3432578029,0.46145635399110163,3.6507321043379815,m00716.wav
-155.67004,60.623177,23.156448,31.176702,25.046492,16.90212,9.445917,8.451036,5.319857,6.5556526,5.7695866,3.9236524,7.5681047,6586.3203,1233.982,1418.9093,319.44202,262.8624,152.20111,116.816925,120.70398,95.169624,62.311375,87.18595,56.47379,67.26757,0.17636219,0.053961255,-0.07583259,-0.007986744,-0.025461946,-0.014241124,0.017090622,0.00436466,-0.006318412,-0.014887175,0.0011341183,0.003580696,0.017627032,243.4629,41.344387,49.2192,10.245559,6.759883,4.4243026,3.7967165,3.2029412,2.8103957,2.081727,2.911484,1.6295565,2.0957272,2908.6746448662057,1491063.5326109717,6348.173137054089,4501550.276286772,2.1547794,7.206773,26.0376965557733,15.518354368930877,17.658318683659918,15.705861715810464,16.531080812186033,16.77396317458568,14.58278124976145,27.33512239453698,24.218595587976363,28.56736137709919,11.944284921962693,9.386291833519488,6.590615017278226,1.7449772722191448,0.089555204,0.008832691,2990.137959225662,268580.47344259237,0.115590945,0.0034791727,0.01685282967585079,0.089555204,0.008832691,1.8509827,112.34714673913044,2.1547794,7.206773,1.7669543721722818e-09,0.0010526774812489098,0.3715687,0.39449883,0.4405323,0.43456206,0.62228376,0.5304569,0.4768018,0.45202297,0.48948374,0.6693428,0.4910731,0.41814935,0.03381317,0.03994495,0.058049597,0.03808114,0.06955322,0.043857027,0.05970263,0.0598565,0.047868572,0.10780644,0.045713354,0.040476836,0.05714378183549615,-0.011500205002770155,-0.05524784553657763,0.018134442975561427,0.008508198297586854,0.0031606690874950243,0.0034312801278383047,0.0026997789937256524,0.007398723538557659,0.009138689823480211,0.0005199486564989569,0.001348111845714323,0.5543277062241408,3753.3186,4349.2075,0.10118297745069606,0.005515484660796228,3007.672638451503,3972752.668530507,0.08010930358423977,4.327701521031551,m00762.wav
-124.989655,115.18234,-47.985886,52.820343,-13.493603,21.751259,-12.417659,20.127153,-18.373243,10.1236315,-16.045313,10.477311,-17.95571,1683.0377,475.29163,290.23425,113.74826,76.998184,80.87142,59.964603,41.682285,44.59521,81.849754,43.331944,42.927063,44.22891,0.046008676,-0.017780103,0.009717872,-0.010640987,-0.016621944,-0.005556363,-0.0023795513,-0.0020837062,-0.00024594655,0.012148426,0.012717104,0.0009753186,-0.0075008543,26.777178,13.4860935,5.366627,2.3745975,1.5562497,1.5055835,1.6775833,1.2909703,1.1777409,1.6327162,1.293412,1.097869,1.1587967,2077.5658220829505,231716.29082132122,4031.530223589762,804488.853660842,1.057906,0.71485555,28.82103727799878,15.30063607359683,18.45865589267911,18.04030381471215,17.627963492583813,19.549289303366,38.36682218894845,22.381076707508516,14.416286255524028,15.218793833470212,9.616130577741826,6.198534245663082,6.950802178171129,8.829432502905412,0.06474648,0.0027980437,1927.2280126977867,74753.37365424776,0.08159775,0.0003222887,0.006990149597155611,0.06474648,0.0027980437,1.0142212,129.19921875,1.057906,0.71485555,7.191155867067434e-10,0.000915807183088289,0.3894673,0.38560718,0.6434855,0.403216,0.571821,0.36045122,0.5346672,0.6260864,0.45554256,0.61533606,0.4888094,0.59044296,0.07836633,0.03146091,0.07366248,0.021885373,0.066469744,0.020754667,0.05374007,0.0768932,0.034014177,0.06702535,0.03547064,0.06686971,0.12417664900154991,-0.01488947919765802,0.04910646643048786,-0.04526467069303544,0.0005490344073856104,-0.010490488921121416,0.007306780814733574,0.01377556917886517,0.010834205330880186,0.011432955798677884,0.0015991307237412681,0.0012441096594888782,-0.17888683026340035,2532.8403,746.4759,0.12182258434841454,0.0016968198977234162,724.4573540249107,175225.91917988416,-0.06729268893079803,0.7530466775248135,m00772.wav
-204.71895,101.62684,26.381647,9.190345,10.471229,5.1170764,-9.461806,9.306169,-12.484944,-2.4797275,6.2220006,-9.4853945,-2.5450127,3257.753,834.5068,562.4462,196.46019,332.79443,187.33383,219.41966,123.56446,139.80278,121.40457,127.621994,95.306335,117.26235,0.07793611,0.016225876,-0.00995756,0.016730357,0.011695943,-0.00027799568,-0.019288998,0.013547152,0.017162088,0.020878024,0.016390808,-0.0057217088,0.0089010205,63.79321,22.29647,10.965137,3.8599527,6.070206,3.5979881,3.525231,2.4910853,2.729386,2.1179814,2.329901,2.0668418,1.9083204,2053.421991406216,686279.6288667255,4506.526371719113,3431300.4685828616,1.4171655,1.4875692,25.635319986131588,19.607525029223517,23.800871371360337,22.643520921212488,21.51518225293606,20.759008765902674,18.110774419684475,24.798263755272323,18.23077262112426,23.631920083420297,21.846943025327757,16.190605014863717,15.447988351719788,6.93428221134402,0.067030415,0.0036980286,2559.2979840466633,158101.28546574627,0.08331509,0.001238442,0.008191105751061217,0.067030415,0.0036980286,1.2575989,107.666015625,1.4171655,1.4875692,1.3680077675797375e-09,0.0010866568849762126,0.32284588,0.21465524,0.47469816,0.4064478,0.18473904,0.48772871,0.18311183,0.35815406,0.32298318,0.46036047,0.6313061,0.24851026,0.050360654,0.030630939,0.103863545,0.1005173,0.016274963,0.10373502,0.018116498,0.08402508,0.07402541,0.10274254,0.12228867,0.038920548,-0.0706861953590622,0.20432621403367632,-0.03491931863428788,-0.12585756185263608,-0.01593669902904532,-0.01141540371479387,0.027882999932715112,0.015827231160488966,0.04578237479412266,0.030440741116383542,0.005704213787495692,0.006483122152654177,-0.0392464600579095,3954.8743,536.8555,0.07533088324149265,0.0030558478664545327,1300.1515276536907,574575.0832911099,-0.19451455120117137,1.729665862297784,m00773.wav
-212.2839,65.78227,45.20765,19.728804,11.81109,8.058759,4.425894,4.215401,-2.3198674,-2.2011733,-1.635112,-4.6608105,-3.7225633,4089.5005,798.83435,731.9788,315.91467,230.31354,133.3038,121.355644,56.282013,63.588566,69.84462,59.05926,35.548466,46.081818,0.104352176,0.027317427,0.020847524,-0.00088887755,-0.0012215852,-0.006121913,-0.0057804184,0.001839807,0.0049701994,-0.005139792,0.007874018,-0.004079235,0.0063385842,109.09133,28.148897,14.369284,6.820743,5.0765834,3.1322854,2.8395057,1.7898977,1.6614093,1.7190083,1.5259969,1.1367617,1.340432,2946.6326070961836,1008866.1529772095,6983.236092481148,3244568.981510439,1.3381513,2.8857565,19.048767471333637,16.302668292684324,20.905982693832797,20.619280128248413,19.424371835618068,18.258580287994867,17.888058133407338,28.274306394103135,18.278353011939707,31.459894249198182,25.47088426438475,16.555632229223097,7.926660896911923,6.118223405846755,0.047658324,0.0021810923,3203.143085016328,207827.64581700222,0.060456336,0.00079167035,0.004452406530936175,0.047658324,0.0021810923,1.1019592,123.046875,1.3381513,2.8857565,3.5421912109094866e-10,0.0009448223733938021,0.37274125,0.7698964,0.4360819,0.45926133,0.42051324,0.41006273,0.40845883,0.37624776,0.6196034,0.33066028,0.37176937,0.45514023,0.033568807,0.075658575,0.03915196,0.061768636,0.058845684,0.031236408,0.04958309,0.045487553,0.059956834,0.01937931,0.059094127,0.067391925,-0.08409542055401203,-0.11088838864545597,-0.0453299113390111,0.04547790951424685,1.530696217533743e-05,-0.037886613193389436,0.011296624522782288,0.009469664141805343,0.019190379909251636,0.009604305587353527,0.0017322923825717905,0.001640379673203121,1.0232515528125787,1538.5927,796.9218,0.10852154630703789,0.004503730980195873,1159.9929041218952,558907.3870843654,-0.11472590719393333,2.9325363778380877,m00801.wav
-58.747177,70.53281,-19.414593,73.597404,-27.754702,23.767187,-17.899994,21.221151,-16.954805,16.129747,-15.227396,14.870985,-18.699234,493.11044,260.38464,111.41559,225.64806,161.35767,69.85737,57.28517,94.38201,60.29006,46.65586,30.841654,23.913137,29.0546,-0.0040012943,-0.02437647,-0.01906381,0.021023134,0.018054135,0.013343371,-0.014111409,-0.013435164,-0.017237717,-0.0032669439,0.00010746741,0.00585575,-0.0040012277,9.962823,8.078445,3.265169,5.0477505,3.9016414,1.6674678,1.8666869,2.1415718,1.8914522,1.0450778,0.8474551,0.70200914,0.8953206,3048.9220499644593,113008.52991266009,5663.032577762471,331055.7120404371,1.0957991,0.5214559,21.768897188010936,13.619858249692559,14.619065259376445,14.651739940555101,15.102949659345379,16.32900370842332,43.43186903070456,20.966037214321595,11.074218606632634,12.593301322947204,6.860720679606446,3.573906791736818,6.716569443678775,5.985985730082394,0.0944565,0.0051890453,2358.945156956088,29344.023252517814,0.11807427,0.00015284569,0.014111075977053805,0.0944565,0.0051890453,1.1572571,184.5703125,1.0957991,0.5214559,1.169318380404812e-09,0.000616188504387262,0.49306092,0.51734865,0.48712257,0.51005805,0.53844047,0.5407346,0.66503894,0.62735,0.5703672,0.5591029,0.5235251,0.61011595,0.028151156,0.042699963,0.03009962,0.031062348,0.041643053,0.03172611,0.058713872,0.05143943,0.042713318,0.05406113,0.03151283,0.06503926,0.014470394465859978,-0.029457042532166782,0.017637909285591495,-0.015158223737339766,-0.000706380376933592,0.0023249133139970134,0.0049711329253454934,0.005165980045883257,0.007989454279349942,0.005742373124634389,0.0008336806817292615,0.0007269746116025967,0.0247692508584986,3937.038,1824.8092,0.19649222979505027,0.0018589037745104589,777.162391427722,195454.6652036228,-0.013022914484298712,0.11696945624822064,m00821.wav
-78.310104,80.05325,-9.145553,25.454119,-3.3875406,16.801464,7.2613983,1.8166611,0.4876322,6.316795,1.4947494,2.1649706,0.6583118,2617.2834,639.94904,284.152,279.71567,173.8069,84.90277,135.87079,98.57805,98.0857,64.15556,66.60317,60.287098,61.28957,0.10423772,-0.03738349,0.011898404,-0.032913003,-0.010571125,-0.0006625119,-0.0018485218,0.0012444181,-0.0171435,0.010479236,0.0119591225,-0.0043149735,-0.010945442,107.473175,20.077106,8.46313,10.126283,4.2583547,2.6962483,3.8352041,3.7719417,2.4193676,2.6165228,2.4692242,1.7791704,1.9921584,2606.2991282067796,408515.59406467143,5354.906263594838,1544690.1813658779,1.6581879,3.9264941,27.66399542642923,14.64125449097132,18.484864101904844,18.593068858022214,17.42598750490325,17.59972833607141,16.65537340028815,30.458002561851934,15.368473023175023,17.118051416205187,15.375019183934388,11.325904577817974,9.416574223606897,4.612468192124649,0.10992875,0.014706973,2534.0606935047535,126734.3776474914,0.1451297,0.005711923,0.026791301017574955,0.10992875,0.014706973,1.8448486,135.99917763157896,1.6581879,3.9264941,4.1785734963811244e-10,0.000848817138795817,0.6451919,0.7360108,0.7961358,0.57894164,0.80966717,0.9151485,0.72175956,0.7099286,0.5125177,0.47914645,0.5069402,0.50111544,0.0165418,0.013926085,0.017946444,0.008228559,0.015040053,0.01901399,0.0170809,0.031975288,0.016011167,0.013400732,0.015464945,0.009191979,0.024414020238422398,0.0320089466293572,-0.044240565225770176,-0.0063945856507173085,0.0017409722807811257,-0.02031807123257707,0.0006558385945977317,0.0006211842897755596,0.001371130308447885,0.0012087572220934478,0.00023786378369758789,0.00017090902986166036,-0.11053943923699776,4396.3667,7417.1084,0.1264267026778809,0.0024273133905923215,1780.946014762341,1748557.7695978624,-0.1661139258466459,4.133254624131584,m00850.wav
-142.41621,116.20546,-32.160263,49.111507,-8.389906,22.885155,-18.317211,20.110556,-22.102663,10.792424,-12.998068,14.083412,-16.392958,3282.1492,344.59082,190.75334,66.63825,81.14929,44.59847,63.99426,43.963993,36.81463,53.117,43.62885,38.2325,34.81606,0.058753837,0.0096815955,0.008893467,-0.007207533,0.0069478485,0.010322749,0.0050696363,1.2820761e-05,-0.007042134,0.00016664223,-0.0023577337,0.01291729,-0.00044726956,35.324585,8.391836,4.524408,1.9762204,1.98189,1.2645117,1.4122902,1.0377944,0.89739096,1.0967463,0.86005926,0.8045422,0.90234864,2006.8272649211463,182135.83735634538,4149.1717911651685,1046246.005695648,1.0855957,0.85698855,29.21897061952393,15.693598480874346,19.892954901158213,18.785519395161355,18.51225575807401,17.46920797584135,39.08424038096362,24.605745215828406,16.738910192177464,15.383991877695712,9.903016599747897,5.921361476915674,5.32543182091121,9.533043082156327,0.060854238,0.002732241,2068.8392593748963,82342.17745554069,0.07642329,0.0005892539,0.006435479055085495,0.060854238,0.002732241,1.1776123,117.45383522727273,1.0855957,0.85698855,7.058588496756653e-10,0.0010005090471562775,0.24681012,0.5244866,0.4084834,0.2608176,0.554081,0.2590983,0.3436871,0.30599043,0.43180636,0.7771344,0.26370075,0.3282729,0.021332184,0.06977585,0.07991779,0.018299943,0.057540264,0.014601769,0.03466502,0.029020509,0.08055898,0.08972309,0.02239154,0.045293454,0.17918240679747796,-0.11237086786158561,-0.17732247775701457,0.055472200276504124,0.025440194354586686,0.02267838919345126,0.03523999421941767,0.004656303995307427,0.0236690893801436,0.013560259784312117,0.0015491144017948436,0.005102589405623322,-0.40431320316023267,2635.9834,541.27466,0.09766418032192575,0.0008675365527162448,762.9297221155722,220129.16437922686,-0.04103290817480624,1.204248293956324,m00867.wav
-26.406563,85.88428,-17.21161,35.311558,9.982888,10.665745,1.3990859,4.5759234,-0.12147766,2.0990708,0.322952,5.3930078,-1.0125064,1052.4598,488.55753,233.5747,126.944405,152.89627,72.84443,63.59555,61.6333,51.603767,47.13981,82.78877,43.60534,48.943913,0.03648728,0.02494887,-0.014031155,-0.008392915,-0.009520135,0.018964665,-0.01022672,0.0016538154,0.0036878623,0.0009067772,0.005872507,-0.0012268597,0.0021786795,45.90828,15.232318,6.1184998,3.8332613,4.094688,1.9864094,1.7622342,1.6211191,1.3146633,1.3634812,1.6486079,0.9732062,1.0183581,2344.525923596728,274368.6513491404,4728.642093571088,1176876.3495799622,1.159041,1.146298,19.193080708827974,16.077684926804853,19.031302448019837,18.45010937744438,19.329124247127048,18.138856776183776,16.95167079142665,18.31554273364734,17.42173429927854,24.59981751876289,14.453165086755067,10.344896529738579,6.6020471255442,3.2806758410520502,0.18141298,0.018780096,2374.8837223208916,99938.0842004692,0.22182517,0.0024335997,0.051690769795924456,0.18141298,0.018780096,1.603302,92.28515625,1.159041,1.146298,1.116555140762228e-09,0.001285301999587714,0.5490289,0.41367546,0.5576701,0.39911866,0.5120274,0.53918076,0.55082595,0.6639907,0.5131615,0.6120442,0.44093516,0.51390713,0.05876692,0.037345994,0.07536092,0.039342716,0.051590037,0.06315935,0.057126645,0.074628405,0.052916076,0.06766838,0.04503159,0.06535151,0.076343585819571,0.05315501055636933,-0.005998639873307371,0.00750464366336556,-0.008310724398043326,0.0034134339036434513,0.005976495191824929,0.010307890875189891,0.01589724078233612,0.009161430643435166,0.0018190148561318903,0.0012576696903881328,0.08845640770992938,18329.777,6264.437,0.11589709565839694,0.0016669991919297065,881.1561427814798,252385.52263343695,-0.023414614548911323,-0.1737651244320757,m00895.wav
-235.76547,144.76729,-22.573074,62.554108,-9.306331,2.0314922,-0.3348493,1.998136,5.5365386,0.30647513,9.452853,2.900288,2.5636392,5288.5874,292.1287,495.1948,173.15398,294.4413,145.9427,194.69121,165.86789,76.565346,109.84462,137.25688,152.49706,94.13381,-0.19342378,0.015081929,0.04308289,-0.008218864,0.028591823,0.012285268,0.02454651,-0.013768253,-0.0299887,0.008452098,0.013146915,0.006714736,0.012432523,253.21379,10.506711,23.39489,7.684911,6.902376,2.372354,3.7737434,2.587128,1.8500395,2.337181,2.6117864,3.4617782,2.9866443,1337.777103659779,143380.56125345567,2754.5096908533933,701951.0565383064,1.7049804,6.4765368,15.671985918744046,14.551966840271112,21.5972381029137,20.27415965633052,21.83192246486288,21.341602444233857,17.88874020851154,25.19378210862808,21.26888653287645,31.120054509756027,32.926013629262606,28.61901519061498,10.208277346290634,3.7036832997200717,0.06579677,0.0040353825,1518.8339989698197,33021.40585203716,0.08223485,0.0015969756,0.008364594831435462,0.06579677,0.0040353825,1.4348755,99.38401442307692,1.7049804,6.4765368,4.3827038273120616e-10,0.0011854664346358699,0.52236664,0.5259101,0.38379067,0.68364346,0.55338025,0.42061606,0.45902982,0.38040254,0.51296324,0.4514473,0.52082753,0.48796356,0.065387934,0.050083254,0.029542502,0.06683955,0.04285711,0.07001236,0.04657458,0.041969936,0.086375855,0.050979555,0.06979312,0.046116833,-0.06446483521869086,-0.03657321335641414,0.02522783842418923,0.03781873635999561,0.012620252009227473,0.020582593866888287,0.003997815051316743,0.0062771749212015065,0.010930944090847324,0.01267122567123956,0.0018120188047234477,0.0015750726517938674,0.15286775334570024,3869.2463,627.0977,0.07649135368329467,0.00114507455167112,1884.0397493221142,3035973.804503802,0.09263788004537157,2.3622541511565283,m00996.wav
